{
  "generation": 2,
  "best_score": 0.053896784131712894,
  "avg_score": 0.058605078115067114,
  "dedup_expr_hits": 89,
  "dedup_behavior_hits": 173,
  "timestamp": "2026-03-25T12:29:24"
}