{
  "generation": 8,
  "best_score": 0.05387637596844759,
  "avg_score": 0.057608749582608976,
  "dedup_expr_hits": 174,
  "dedup_behavior_hits": 343,
  "timestamp": "2026-03-25T12:35:19"
}