{
  "generation": 3,
  "best_score": 0.053896784131712894,
  "avg_score": 0.06905830907300212,
  "dedup_expr_hits": 97,
  "dedup_behavior_hits": 201,
  "timestamp": "2026-03-25T12:30:08"
}