{
  "generation": 6,
  "best_score": 0.0538763759684476,
  "avg_score": 0.05426989743953602,
  "dedup_expr_hits": 144,
  "dedup_behavior_hits": 287,
  "timestamp": "2026-03-25T12:33:07"
}