{
  "generation": 5,
  "best_score": 0.0538763759684476,
  "avg_score": 0.05541498956919726,
  "dedup_expr_hits": 131,
  "dedup_behavior_hits": 249,
  "timestamp": "2026-03-25T12:31:59"
}