{
  "generation": 7,
  "best_score": 0.05387637596844759,
  "avg_score": 0.060811346272413656,
  "dedup_expr_hits": 163,
  "dedup_behavior_hits": 319,
  "timestamp": "2026-03-25T12:34:02"
}