{
  "generation": 1,
  "best_score": 0.054896784131712895,
  "avg_score": 0.05828016236804088,
  "dedup_expr_hits": 70,
  "dedup_behavior_hits": 140,
  "timestamp": "2026-03-25T12:28:43"
}