{
  "generation": 4,
  "best_score": 0.0538763759684476,
  "avg_score": 0.07119384476721291,
  "dedup_expr_hits": 121,
  "dedup_behavior_hits": 224,
  "timestamp": "2026-03-25T12:31:00"
}