{
  "generation": 3,
  "best_score": 0.05144690596303331,
  "avg_score": 0.06332580294094806,
  "dedup_expr_hits": 97,
  "dedup_behavior_hits": 125,
  "timestamp": "2026-03-26T02:21:23"
}