{
  "generation": 4,
  "best_score": 0.05020080540804019,
  "avg_score": 0.061194544180176,
  "dedup_expr_hits": 113,
  "dedup_behavior_hits": 145,
  "timestamp": "2026-03-26T02:30:49"
}