{
  "generation": 2,
  "best_score": 0.0597976553112979,
  "avg_score": 0.06428751002058346,
  "dedup_expr_hits": 78,
  "dedup_behavior_hits": 110,
  "timestamp": "2026-03-26T02:12:18"
}