{
  "generation": 7,
  "best_score": 0.05007876421283265,
  "avg_score": 0.055978873674476834,
  "dedup_expr_hits": 162,
  "dedup_behavior_hits": 211,
  "timestamp": "2026-03-26T03:00:34"
}