{
  "generation": 5,
  "best_score": 0.05020080540804019,
  "avg_score": 0.0589095984276931,
  "dedup_expr_hits": 140,
  "dedup_behavior_hits": 168,
  "timestamp": "2026-03-26T02:41:02"
}