{
  "generation": 6,
  "best_score": 0.05020080540804019,
  "avg_score": 0.057283792849381676,
  "dedup_expr_hits": 150,
  "dedup_behavior_hits": 190,
  "timestamp": "2026-03-26T02:50:49"
}