{
  "generation": 1,
  "best_score": 0.06128968820645024,
  "avg_score": 0.0708515952338625,
  "dedup_expr_hits": 63,
  "dedup_behavior_hits": 77,
  "timestamp": "2026-03-26T02:01:29"
}