{
  "generation": 8,
  "best_score": 0.049981107216147,
  "avg_score": 0.05537304214158893,
  "dedup_expr_hits": 172,
  "dedup_behavior_hits": 232,
  "timestamp": "2026-03-26T03:10:43"
}