{
  "generation": 8,
  "best_score": 0.04422426311413038,
  "avg_score": 0.056058841162536795,
  "dedup_expr_hits": 208,
  "dedup_behavior_hits": 336,
  "timestamp": "2026-03-25T13:10:07"
}