{
  "generation": 5,
  "best_score": 0.044476788366655626,
  "avg_score": 0.05021235517955725,
  "dedup_expr_hits": 147,
  "dedup_behavior_hits": 241,
  "timestamp": "2026-03-25T12:58:23"
}