{
  "generation": 6,
  "best_score": 0.044476788366655626,
  "avg_score": 0.049218392558199,
  "dedup_expr_hits": 164,
  "dedup_behavior_hits": 279,
  "timestamp": "2026-03-25T13:01:52"
}