{
  "generation": 7,
  "best_score": 0.044476788366655626,
  "avg_score": 0.04901877125839817,
  "dedup_expr_hits": 191,
  "dedup_behavior_hits": 310,
  "timestamp": "2026-03-25T13:05:52"
}