{
  "generation": 4,
  "best_score": 0.044476788366655626,
  "avg_score": 0.05948601382349579,
  "dedup_expr_hits": 135,
  "dedup_behavior_hits": 217,
  "timestamp": "2026-03-25T12:56:34"
}