{
  "generation": 3,
  "best_score": 0.04619510162991054,
  "avg_score": 0.05354325097184826,
  "dedup_expr_hits": 123,
  "dedup_behavior_hits": 190,
  "timestamp": "2026-03-25T12:54:55"
}