{
  "generation": 2,
  "best_score": 0.046202261950095705,
  "avg_score": 0.052155956862642947,
  "dedup_expr_hits": 97,
  "dedup_behavior_hits": 165,
  "timestamp": "2026-03-25T12:53:14"
}