{
  "generation": 1,
  "best_score": 0.048195376715568075,
  "avg_score": 0.05343392712161734,
  "dedup_expr_hits": 79,
  "dedup_behavior_hits": 138,
  "timestamp": "2026-03-25T12:51:32"
}