{
  "generation": 5,
  "best_score": 0.05449607799611459,
  "avg_score": 0.0613344770831432,
  "dedup_expr_hits": 121,
  "dedup_behavior_hits": 171,
  "timestamp": "2026-03-26T02:51:48"
}