{
  "generation": 4,
  "best_score": 0.05956454970152418,
  "avg_score": 0.06390325949840037,
  "dedup_expr_hits": 104,
  "dedup_behavior_hits": 157,
  "timestamp": "2026-03-26T02:43:00"
}