{
  "generation": 2,
  "best_score": 0.0597976553112979,
  "avg_score": 0.06641784462137329,
  "dedup_expr_hits": 73,
  "dedup_behavior_hits": 119,
  "timestamp": "2026-03-26T02:26:24"
}