{
  "generation": 3,
  "best_score": 0.0597976553112979,
  "avg_score": 0.06334717357684962,
  "dedup_expr_hits": 92,
  "dedup_behavior_hits": 136,
  "timestamp": "2026-03-26T02:34:36"
}