{
  "generation": 8,
  "best_score": 0.051889271794223715,
  "avg_score": 0.05619019453056434,
  "dedup_expr_hits": 150,
  "dedup_behavior_hits": 226,
  "timestamp": "2026-03-26T03:18:46"
}