{
  "generation": 6,
  "best_score": 0.05449607799611459,
  "avg_score": 0.060072592618215036,
  "dedup_expr_hits": 133,
  "dedup_behavior_hits": 191,
  "timestamp": "2026-03-26T03:01:02"
}