{
  "generation": 7,
  "best_score": 0.05377248273939311,
  "avg_score": 0.05826079846699736,
  "dedup_expr_hits": 143,
  "dedup_behavior_hits": 208,
  "timestamp": "2026-03-26T03:09:44"
}