{
  "generation": 6,
  "best_score": 0.038922155688622756,
  "avg_score": 0.04135479041916168,
  "dedup_expr_hits": 140,
  "dedup_behavior_hits": 172,
  "timestamp": "2026-03-25T14:34:57"
}