{
  "generation": 3,
  "best_score": 0.04011976047904192,
  "avg_score": 0.04839071856287425,
  "dedup_expr_hits": 104,
  "dedup_behavior_hits": 126,
  "timestamp": "2026-03-25T14:27:22"
}