{
  "generation": 7,
  "best_score": 0.038922155688622756,
  "avg_score": 0.04201908682634731,
  "dedup_expr_hits": 150,
  "dedup_behavior_hits": 188,
  "timestamp": "2026-03-25T14:37:32"
}