{
  "generation": 2,
  "best_score": 0.04011976047904192,
  "avg_score": 0.052853667664670666,
  "dedup_expr_hits": 81,
  "dedup_behavior_hits": 109,
  "timestamp": "2026-03-25T14:25:14"
}