{
  "generation": 5,
  "best_score": 0.038922155688622756,
  "avg_score": 0.04358158682634731,
  "dedup_expr_hits": 138,
  "dedup_behavior_hits": 156,
  "timestamp": "2026-03-25T14:32:06"
}