{
  "generation": 4,
  "best_score": 0.03982035928143713,
  "avg_score": 0.04530314371257486,
  "dedup_expr_hits": 127,
  "dedup_behavior_hits": 139,
  "timestamp": "2026-03-25T14:29:51"
}