{
  "generation": 1,
  "best_score": 0.04161676646706587,
  "avg_score": 0.05659618263473055,
  "dedup_expr_hits": 52,
  "dedup_behavior_hits": 70,
  "timestamp": "2026-03-25T14:22:46"
}