{
  "generation": 8,
  "best_score": 0.038922155688622756,
  "avg_score": 0.04475112275449102,
  "dedup_expr_hits": 160,
  "dedup_behavior_hits": 208,
  "timestamp": "2026-03-25T14:40:23"
}