{
  "generation": 2,
  "best_score": 0.05590773041015677,
  "avg_score": 0.06611980354053319,
  "dedup_expr_hits": 42,
  "dedup_behavior_hits": 80,
  "timestamp": "2026-03-25T17:01:44"
}