{
  "generation": 1,
  "best_score": 0.05590773041015677,
  "avg_score": 0.06970750614351218,
  "dedup_expr_hits": 33,
  "dedup_behavior_hits": 65,
  "timestamp": "2026-03-25T16:54:34"
}