{
  "generation": 3,
  "best_score": 0.05559812282835867,
  "avg_score": 0.058634989796298616,
  "dedup_expr_hits": 58,
  "dedup_behavior_hits": 96,
  "timestamp": "2026-03-25T17:08:54"
}