{
  "generation": 4,
  "best_score": 0.055173084748992254,
  "avg_score": 0.05904372236135907,
  "dedup_expr_hits": 68,
  "dedup_behavior_hits": 109,
  "timestamp": "2026-03-25T17:16:12"
}