{
  "generation": 6,
  "best_score": 0.04985821887770993,
  "avg_score": 0.05359431463789677,
  "dedup_expr_hits": 129,
  "dedup_behavior_hits": 187,
  "timestamp": "2026-03-26T07:45:37"
}