{
  "generation": 4,
  "best_score": 0.05009791849900338,
  "avg_score": 0.058996124404893775,
  "dedup_expr_hits": 97,
  "dedup_behavior_hits": 139,
  "timestamp": "2026-03-26T07:18:29"
}