{
  "generation": 1,
  "best_score": 0.05371610921446276,
  "avg_score": 0.06232175382182626,
  "dedup_expr_hits": 46,
  "dedup_behavior_hits": 69,
  "timestamp": "2026-03-26T06:35:39"
}