{
  "generation": 8,
  "best_score": 0.04949292502930529,
  "avg_score": 0.06021505898867105,
  "dedup_expr_hits": 24,
  "dedup_behavior_hits": 41,
  "timestamp": "2026-03-26T09:41:12"
}