{
  "generation": 3,
  "best_score": 0.050202085964841284,
  "avg_score": 0.06465717840675068,
  "dedup_expr_hits": 78,
  "dedup_behavior_hits": 119,
  "timestamp": "2026-03-26T07:04:13"
}