{
  "generation": 7,
  "best_score": 0.04949292502930529,
  "avg_score": 0.054118734986083765,
  "dedup_expr_hits": 10,
  "dedup_behavior_hits": 9,
  "timestamp": "2026-03-26T09:24:28"
}