{
  "generation": 5,
  "best_score": 0.04985821887770993,
  "avg_score": 0.055692552725393335,
  "dedup_expr_hits": 105,
  "dedup_behavior_hits": 164,
  "timestamp": "2026-03-26T07:32:29"
}