{
  "generation": 2,
  "best_score": 0.05226242341637023,
  "avg_score": 0.05971386922971358,
  "dedup_expr_hits": 63,
  "dedup_behavior_hits": 93,
  "timestamp": "2026-03-26T06:48:10"
}