{
  "mode": "orlib_per_source",
  "parent_run_dir": "runs\\260325122745_or_parts_ds",
  "subrun_count": 8,
  "rows": [
    {
      "source": "binpack1",
      "run_dir": "runs\\260325122745_or_parts_ds\\subruns\\260325122745_or_ds",
      "best_score": 0.05387637596844759,
      "best_score_pct": 5.387637596844759,
      "best_expression": "2.303 * item + 0.748 * fill - 0.28 * remaining - 0.665 * stdev_remaining + sqrt(abs(mean_remaining - after)) - 2.0 * fill + 2.0 * mean_remaining + 0.1 * remaining",
      "avg_bins": 51.8,
      "avg_gap": 2.65,
      "avg_gap_ratio": 0.05387637596844759,
      "avg_gap_pct": 5.387637596844759,
      "ff_avg_gap_ratio": 0.061990951229990335,
      "bf_avg_gap_ratio": 0.05593845079837957,
      "ff_avg_gap_pct": 6.199095122999034,
      "bf_avg_gap_pct": 5.5938450798379575,
      "delta_vs_bf_pp": 0.20620748299319835,
      "delta_vs_ff_pp": 0.8114575261542747,
      "rel_improve_vs_bf_pct": 3.686328099010775,
      "rel_improve_vs_ff_pct": 13.089935063969516,
      "instances": 20
    },
    {
      "source": "binpack2",
      "run_dir": "runs\\260325122745_or_parts_ds\\subruns\\260325123536_or_ds",
      "best_score": 0.05067825577271219,
      "best_score_pct": 5.067825577271219,
      "best_expression": "0.5 * max(-abs(max(2.442 * after + 1.871 * bin_rank - 0.84 * remaining - 1.869 * global_tightness - abs(after), -after - 0.5 * global_tightness) + 0.15 * abs(item - remaining)) - 0.5 * exact_fit, -abs(after + 0.1 * global_tightness) + 0.3 * fill) + 0.5 * (0.5 * max(-0.398 * exact_fit + 0.9785 * after + 0.578 * mean_remaining + -0.47 * item - abs(after), -after) + 0.5 * (2.322 * slack_rank + 1.276 * fill + 1.065 * exact_fit + 2.476 * stdev_remaining + -0.309 * slack_rank + -0.243 * fill - abs(after)) + 0.5 * remaining + 0.2 * exact_fit - 0.5 * stdev_remaining)",
      "avg_bins": 106.85,
      "avg_gap": 5.15,
      "avg_gap_ratio": 0.05067825577271219,
      "avg_gap_pct": 5.067825577271219,
      "ff_avg_gap_ratio": 0.06287314534450404,
      "bf_avg_gap_ratio": 0.05904103770721673,
      "ff_avg_gap_pct": 6.287314534450404,
      "bf_avg_gap_pct": 5.904103770721672,
      "delta_vs_bf_pp": 0.8362781934504531,
      "delta_vs_ff_pp": 1.219488957179185,
      "rel_improve_vs_bf_pct": 14.164354590065628,
      "rel_improve_vs_ff_pct": 19.39602274543729,
      "instances": 20
    },
    {
      "source": "binpack3",
      "run_dir": "runs\\260325122745_or_parts_ds\\subruns\\260325124916_or_ds",
      "best_score": 0.04297013226107708,
      "best_score_pct": 4.297013226107707,
      "best_expression": "-abs(-abs(max(2.1 * after + -1.8 * fill + 1.7 * exact_fit - 0.7569 * remaining - abs(after), -after - 0.6 * stdev_remaining) + 0.1 * mean_remaining)) - 0.2 * mean_remaining",
      "avg_bins": 209.85,
      "avg_gap": 8.65,
      "avg_gap_ratio": 0.04297013226107708,
      "avg_gap_pct": 4.297013226107707,
      "ff_avg_gap_ratio": 0.057382355686119456,
      "bf_avg_gap_ratio": 0.053679070394633474,
      "ff_avg_gap_pct": 5.7382355686119455,
      "bf_avg_gap_pct": 5.367907039463347,
      "delta_vs_bf_pp": 1.0708938133556396,
      "delta_vs_ff_pp": 1.441222342504238,
      "rel_improve_vs_bf_pct": 19.949932170634266,
      "rel_improve_vs_ff_pct": 25.116123680730375,
      "instances": 20
    },
    {
      "source": "binpack4",
      "run_dir": "runs\\260325122745_or_parts_ds\\subruns\\260325130733_or_ds",
      "best_score": 0.037801571604573606,
      "best_score_pct": 3.7801571604573607,
      "best_expression": "max(-0.7 * item + 1.1 * after - 0.4 * fill, -after) + 0.5516 * (mean_remaining - abs(remaining - mean_remaining))",
      "avg_bins": 415.7,
      "avg_gap": 15.15,
      "avg_gap_ratio": 0.037801571604573606,
      "avg_gap_pct": 3.7801571604573607,
      "ff_avg_gap_ratio": 0.05229809096300146,
      "bf_avg_gap_ratio": 0.049419333357386235,
      "ff_avg_gap_pct": 5.229809096300146,
      "bf_avg_gap_pct": 4.941933335738623,
      "delta_vs_bf_pp": 1.1617761752812625,
      "delta_vs_ff_pp": 1.4496519358427853,
      "rel_improve_vs_bf_pct": 23.508535958581948,
      "rel_improve_vs_ff_pct": 27.719022035973524,
      "instances": 20
    },
    {
      "source": "binpack5",
      "run_dir": "runs\\260325122745_or_parts_ds\\subruns\\260325134910_or_ds",
      "best_score": 0.06250000000000001,
      "best_score_pct": 6.250000000000002,
      "best_expression": "0.5 * max(-0.576 * global_tightness + 2.481 * slack_rank + -1.243 * slack_rank, -after) + 0.5 * (-2.179 * exact_fit + -0.846 * bin_rank + -0.421 * fill + 1.664 * exact_fit)",
      "avg_bins": 21.25,
      "avg_gap": 1.25,
      "avg_gap_ratio": 0.06250000000000001,
      "avg_gap_pct": 6.250000000000002,
      "ff_avg_gap_ratio": 0.08000000000000004,
      "bf_avg_gap_ratio": 0.08500000000000005,
      "ff_avg_gap_pct": 8.000000000000004,
      "bf_avg_gap_pct": 8.500000000000005,
      "delta_vs_bf_pp": 2.2500000000000036,
      "delta_vs_ff_pp": 1.7500000000000018,
      "rel_improve_vs_bf_pct": 26.47058823529414,
      "rel_improve_vs_ff_pct": 21.87500000000001,
      "instances": 20
    },
    {
      "source": "binpack6",
      "run_dir": "runs\\260325122745_or_parts_ds\\subruns\\260325135616_or_ds",
      "best_score": 0.04750000000000001,
      "best_score_pct": 4.750000000000001,
      "best_expression": "0.5 * (0.5 * max(-abs(max(max(-0.576 * global_tightness + 2.481 * slack_rank + -1.243 * slack_rank, -after), -abs(max(-1.786 * after + -1.267 * slack_rank + 0.195 * global_tightness + -0.358 * global_tightness + -0.503 * fill + 2.487 * after, -after * slack_rank)))), 0.5 * max(-0.576 * global_tightness + 2.481 * slack_rank + -1.243 * slack_rank, -after) + 0.5 * -abs(max(max(-0.576 * global_tightness + 2.481 * slack_rank + -1.243 * slack_rank, -after), -abs(max(-1.786 * after + -1.267 * slack_rank + 0.195 * global_tightness + -0.358 * global_tightness + -0.503 * fill + 2.487 * after, -after))))) + 0.5 * (0.5 * max(2.366 * global_tightness + 1.497 * after + -0.946 * item, -after) + 0.5 * (-0.741 * bin_rank + -1.145 * mean_remaining + -1.347 * fill + -0.922 * slack_rank + 2.254 * after - abs(after)) - 1.0 * after)) + 0.5 * max(0.5 * -abs(max(-0.576 * global_tightness + 2.481 * slack_rank + -1.243 * slack_rank, -after)) + 0.5 * (0.5 * max(-abs(max(-1.942 * exact_fit + -1.709 * item + 2.269 * mean_remaining + 2.359 * after + 0.038 * remaining, -after)), max(-1.942 * exact_fit + -1.709 * item + 2.269 * mean_remaining + 2.359 * after + 0.038 * remaining, -after) - 0.5 * remaining) + 0.5 * -abs(max(-0.576 * global_tightness + 2.481 * slack_rank + -1.243 * slack_rank, -after))) - 0.1 * after, -abs(after))",
      "avg_bins": 41.9,
      "avg_gap": 1.9,
      "avg_gap_ratio": 0.04750000000000001,
      "avg_gap_pct": 4.750000000000001,
      "ff_avg_gap_ratio": 0.07375,
      "bf_avg_gap_ratio": 0.07375,
      "ff_avg_gap_pct": 7.375,
      "bf_avg_gap_pct": 7.375,
      "delta_vs_bf_pp": 2.624999999999999,
      "delta_vs_ff_pp": 2.624999999999999,
      "rel_improve_vs_bf_pct": 35.59322033898304,
      "rel_improve_vs_ff_pct": 35.59322033898304,
      "instances": 20
    },
    {
      "source": "binpack7",
      "run_dir": "runs\\260325122745_or_parts_ds\\subruns\\260325140606_or_ds",
      "best_score": 0.04156626506024096,
      "best_score_pct": 4.156626506024097,
      "best_expression": "-abs(-abs(max(1.8 * after + -0.9 * item, -after) - 0.8 * remaining + 0.3 * sqrt(abs(mean_remaining - remaining)) + 0.2 * exact_fit - 0.15 * abs(fill - remaining))) + 0.5 * sqrt(abs(slack_rank - global_tightness))",
      "avg_bins": 86.45,
      "avg_gap": 3.45,
      "avg_gap_ratio": 0.04156626506024096,
      "avg_gap_pct": 4.156626506024097,
      "ff_avg_gap_ratio": 0.06385542168674699,
      "bf_avg_gap_ratio": 0.06385542168674699,
      "ff_avg_gap_pct": 6.385542168674699,
      "bf_avg_gap_pct": 6.385542168674699,
      "delta_vs_bf_pp": 2.2289156626506026,
      "delta_vs_ff_pp": 2.2289156626506026,