{
  "generation": 3,
  "best_score": 0.04041916167664671,
  "avg_score": 0.05078592814371258,
  "dedup_expr_hits": 68,
  "dedup_behavior_hits": 127,
  "timestamp": "2026-03-25T14:25:01"
}