{
  "generation": 4,
  "best_score": 0.03952095808383234,
  "avg_score": 0.047576721556886234,
  "dedup_expr_hits": 81,
  "dedup_behavior_hits": 147,
  "timestamp": "2026-03-25T14:27:21"
}