{
  "generation": 2,
  "best_score": 0.04041916167664671,
  "avg_score": 0.05160928143712575,
  "dedup_expr_hits": 58,
  "dedup_behavior_hits": 108,
  "timestamp": "2026-03-25T14:22:56"
}