{
  "generation": 5,
  "best_score": 0.03952095808383234,
  "avg_score": 0.04840007485029941,
  "dedup_expr_hits": 92,
  "dedup_behavior_hits": 163,
  "timestamp": "2026-03-25T14:29:38"
}