{
  "generation": 7,
  "best_score": 0.039221556886227554,
  "avg_score": 0.04703405688622755,
  "dedup_expr_hits": 117,
  "dedup_behavior_hits": 205,
  "timestamp": "2026-03-25T14:34:30"
}