{
  "generation": 6,
  "best_score": 0.03952095808383234,
  "avg_score": 0.04475112275449102,
  "dedup_expr_hits": 104,
  "dedup_behavior_hits": 186,
  "timestamp": "2026-03-25T14:32:01"
}