{
  "generation": 8,
  "best_score": 0.039221556886227554,
  "avg_score": 0.04530314371257486,
  "dedup_expr_hits": 135,
  "dedup_behavior_hits": 227,
  "timestamp": "2026-03-25T14:37:12"
}