{
  "generation": 1,
  "best_score": 0.04251497005988024,
  "avg_score": 0.0548372005988024,
  "dedup_expr_hits": 45,
  "dedup_behavior_hits": 85,
  "timestamp": "2026-03-25T14:20:48"
}