{
  "generation": 4,
  "best_score": 0.04344848447742818,
  "avg_score": 0.05273670197929186,
  "dedup_expr_hits": 117,
  "dedup_behavior_hits": 208,
  "timestamp": "2026-03-25T12:58:49"
}