{
  "generation": 5,
  "best_score": 0.0434361008832138,
  "avg_score": 0.049818381375123524,
  "dedup_expr_hits": 129,
  "dedup_behavior_hits": 227,
  "timestamp": "2026-03-25T13:00:28"
}