{
  "generation": 3,
  "best_score": 0.04444364880312047,
  "avg_score": 0.05075726608676135,
  "dedup_expr_hits": 104,
  "dedup_behavior_hits": 188,
  "timestamp": "2026-03-25T12:56:59"
}