{
  "generation": 7,
  "best_score": 0.0434361008832138,
  "avg_score": 0.049883016258014924,
  "dedup_expr_hits": 159,
  "dedup_behavior_hits": 271,
  "timestamp": "2026-03-25T13:04:41"
}