{
  "generation": 2,
  "best_score": 0.045441381780850255,
  "avg_score": 0.0522870810166213,
  "dedup_expr_hits": 93,
  "dedup_behavior_hits": 164,
  "timestamp": "2026-03-25T12:55:12"
}