{
  "generation": 6,
  "best_score": 0.0434361008832138,
  "avg_score": 0.048522506509599286,
  "dedup_expr_hits": 139,
  "dedup_behavior_hits": 250,
  "timestamp": "2026-03-25T13:02:44"
}