{
  "generation": 1,
  "best_score": 0.047967830657889704,
  "avg_score": 0.05566865816935331,
  "dedup_expr_hits": 73,
  "dedup_behavior_hits": 138,
  "timestamp": "2026-03-25T12:53:30"
}