{
  "generation": 8,
  "best_score": 0.0434361008832138,
  "avg_score": 0.04910210717737986,
  "dedup_expr_hits": 171,
  "dedup_behavior_hits": 291,
  "timestamp": "2026-03-25T13:07:08"
}