{
  "generation": 6,
  "best_score": 0.048610753183257596,
  "avg_score": 0.05602692132140339,
  "dedup_expr_hits": 178,
  "dedup_behavior_hits": 280,
  "timestamp": "2026-03-26T04:27:54"
}