{
  "generation": 2,
  "best_score": 0.062393589823497984,
  "avg_score": 0.06263421315973412,
  "dedup_expr_hits": 96,
  "dedup_behavior_hits": 157,
  "timestamp": "2026-03-26T03:47:28"
}