{
  "generation": 4,
  "best_score": 0.04874728269560593,
  "avg_score": 0.06499625507147519,
  "dedup_expr_hits": 135,
  "dedup_behavior_hits": 219,
  "timestamp": "2026-03-26T04:06:52"
}