{
  "generation": 3,
  "best_score": 0.05393043550274974,
  "avg_score": 0.06958537776689101,
  "dedup_expr_hits": 112,
  "dedup_behavior_hits": 188,
  "timestamp": "2026-03-26T03:57:32"
}