{
  "generation": 5,
  "best_score": 0.04866326832417857,
  "avg_score": 0.0574113811395307,
  "dedup_expr_hits": 165,
  "dedup_behavior_hits": 250,
  "timestamp": "2026-03-26T04:17:22"
}