{
  "generation": 7,
  "best_score": 0.048425450540672044,
  "avg_score": 0.05457608077879197,
  "dedup_expr_hits": 198,
  "dedup_behavior_hits": 298,
  "timestamp": "2026-03-26T04:37:17"
}