{
  "generation": 1,
  "best_score": 0.062393589823497984,
  "avg_score": 0.06561840412927664,
  "dedup_expr_hits": 48,
  "dedup_behavior_hits": 87,
  "timestamp": "2026-03-26T03:34:22"
}