{
  "generation": 8,
  "best_score": 0.04835013359602125,
  "avg_score": 0.050604266353531616,
  "dedup_expr_hits": 210,
  "dedup_behavior_hits": 315,
  "timestamp": "2026-03-26T04:46:58"
}