{
  "generation": 1,
  "best_score": 0.06128968820645024,
  "avg_score": 0.07086618498197719,
  "dedup_expr_hits": 58,
  "dedup_behavior_hits": 73,
  "timestamp": "2026-03-25T12:19:10"
}