{
  "generation": 4,
  "best_score": 0.05629872946089796,
  "avg_score": 0.06628427909771419,
  "dedup_expr_hits": 99,
  "dedup_behavior_hits": 146,
  "timestamp": "2026-03-25T12:42:27"
}