{
  "generation": 8,
  "best_score": 0.055949386419611634,
  "avg_score": 0.05981795706726409,
  "dedup_expr_hits": 147,
  "dedup_behavior_hits": 234,
  "timestamp": "2026-03-25T13:13:57"
}