{
  "generation": 2,
  "best_score": 0.06128968820645024,
  "avg_score": 0.06825318243290195,
  "dedup_expr_hits": 75,
  "dedup_behavior_hits": 102,
  "timestamp": "2026-03-25T12:27:26"
}