{
  "generation": 5,
  "best_score": 0.05602538035043273,
  "avg_score": 0.061372490126214006,
  "dedup_expr_hits": 111,
  "dedup_behavior_hits": 167,
  "timestamp": "2026-03-25T12:50:04"
}