{
  "generation": 6,
  "best_score": 0.05595195681069538,
  "avg_score": 0.059760034480039824,
  "dedup_expr_hits": 118,
  "dedup_behavior_hits": 189,
  "timestamp": "2026-03-25T12:57:50"
}