{
  "generation": 3,
  "best_score": 0.06128968820645024,
  "avg_score": 0.06692631155515336,
  "dedup_expr_hits": 86,
  "dedup_behavior_hits": 122,
  "timestamp": "2026-03-25T12:34:47"
}