{
  "generation": 7,
  "best_score": 0.055951684441339154,
  "avg_score": 0.058856509491047516,
  "dedup_expr_hits": 130,
  "dedup_behavior_hits": 207,
  "timestamp": "2026-03-25T13:05:21"
}