{
  "generation": 3,
  "best_score": 0.054872502727059826,
  "avg_score": 0.06591946431112816,
  "dedup_expr_hits": 77,
  "dedup_behavior_hits": 146,
  "timestamp": "2026-03-26T12:06:14"
}