{
  "generation": 8,
  "best_score": 0.05081631727572601,
  "avg_score": 0.05367249448509304,
  "dedup_expr_hits": 160,
  "dedup_behavior_hits": 237,
  "timestamp": "2026-03-26T12:52:55"
}