{
  "generation": 4,
  "best_score": 0.05292700819671069,
  "avg_score": 0.0646680348504694,
  "dedup_expr_hits": 92,
  "dedup_behavior_hits": 168,
  "timestamp": "2026-03-26T12:14:57"
}