{
  "generation": 7,
  "best_score": 0.05081631727572601,
  "avg_score": 0.0548519526130228,
  "dedup_expr_hits": 143,
  "dedup_behavior_hits": 223,
  "timestamp": "2026-03-26T12:43:49"
}