{
  "generation": 2,
  "best_score": 0.05579005026797455,
  "avg_score": 0.06195894766936893,
  "dedup_expr_hits": 71,
  "dedup_behavior_hits": 124,
  "timestamp": "2026-03-26T11:56:54"
}