{
  "generation": 5,
  "best_score": 0.052818447504261526,
  "avg_score": 0.05602245050628539,
  "dedup_expr_hits": 113,
  "dedup_behavior_hits": 189,
  "timestamp": "2026-03-26T12:24:52"
}