{
  "generation": 1,
  "best_score": 0.05875944142994531,
  "avg_score": 0.0631939328865472,
  "dedup_expr_hits": 49,
  "dedup_behavior_hits": 83,
  "timestamp": "2026-03-26T11:44:28"
}