{
  "generation": 6,
  "best_score": 0.05272360425143272,
  "avg_score": 0.055073619160198616,
  "dedup_expr_hits": 136,
  "dedup_behavior_hits": 210,
  "timestamp": "2026-03-26T12:34:11"
}