{
  "generation": 6,
  "best_score": 0.050526274105225845,
  "avg_score": 0.0543723723397141,
  "dedup_expr_hits": 132,
  "dedup_behavior_hits": 161,
  "timestamp": "2026-03-26T06:36:48"
}