{
  "generation": 5,
  "best_score": 0.05186320939099944,
  "avg_score": 0.0542444179667616,
  "dedup_expr_hits": 118,
  "dedup_behavior_hits": 145,
  "timestamp": "2026-03-26T06:26:28"
}