{
  "generation": 4,
  "best_score": 0.052763004385405675,
  "avg_score": 0.060780162961506505,
  "dedup_expr_hits": 91,
  "dedup_behavior_hits": 125,
  "timestamp": "2026-03-26T06:15:57"
}