{
  "generation": 8,
  "best_score": 0.04931250594478542,
  "avg_score": 0.05329611104613446,
  "dedup_expr_hits": 166,
  "dedup_behavior_hits": 195,
  "timestamp": "2026-03-26T06:57:05"
}