{
  "generation": 3,
  "best_score": 0.05278160815133822,
  "avg_score": 0.06318242832776512,
  "dedup_expr_hits": 81,
  "dedup_behavior_hits": 109,
  "timestamp": "2026-03-26T06:05:36"
}