{
  "generation": 7,
  "best_score": 0.04931250594478542,
  "avg_score": 0.053225891148138416,
  "dedup_expr_hits": 146,
  "dedup_behavior_hits": 180,
  "timestamp": "2026-03-26T06:46:26"
}