{
  "generation": 2,
  "best_score": 0.05368404604777651,
  "avg_score": 0.05878668177099888,
  "dedup_expr_hits": 64,
  "dedup_behavior_hits": 93,
  "timestamp": "2026-03-26T05:55:31"
}