{
  "generation": 1,
  "best_score": 0.05371610921446276,
  "avg_score": 0.06175999249281893,
  "dedup_expr_hits": 46,
  "dedup_behavior_hits": 74,
  "timestamp": "2026-03-26T05:44:15"
}