{
  "generation": 8,
  "best_score": 0.0491821030120451,
  "avg_score": 0.0526634856560763,
  "dedup_expr_hits": 150,
  "dedup_behavior_hits": 204,
  "timestamp": "2026-03-26T10:52:00"
}