{
  "generation": 3,
  "best_score": 0.05005559660701327,
  "avg_score": 0.05966589640166916,
  "dedup_expr_hits": 68,
  "dedup_behavior_hits": 99,
  "timestamp": "2026-03-26T10:03:33"
}