{
  "generation": 4,
  "best_score": 0.05005559660701327,
  "avg_score": 0.059663722497073135,
  "dedup_expr_hits": 81,
  "dedup_behavior_hits": 123,
  "timestamp": "2026-03-26T10:14:13"
}