{
  "generation": 6,
  "best_score": 0.05005559660701327,
  "avg_score": 0.051491374660869386,
  "dedup_expr_hits": 123,
  "dedup_behavior_hits": 162,
  "timestamp": "2026-03-26T10:32:20"
}