{
  "generation": 2,
  "best_score": 0.050477870556676664,
  "avg_score": 0.05810824185418426,
  "dedup_expr_hits": 58,
  "dedup_behavior_hits": 84,
  "timestamp": "2026-03-26T09:53:43"
}