{
  "generation": 5,
  "best_score": 0.05005559660701327,
  "avg_score": 0.05325458896072466,
  "dedup_expr_hits": 97,
  "dedup_behavior_hits": 142,
  "timestamp": "2026-03-26T10:23:15"
}