{
  "generation": 7,
  "best_score": 0.04945522172322135,
  "avg_score": 0.05331248085986742,
  "dedup_expr_hits": 140,
  "dedup_behavior_hits": 180,
  "timestamp": "2026-03-26T10:42:13"
}