{
  "generation": 1,
  "best_score": 0.051250000000000004,
  "avg_score": 0.0691015625,
  "dedup_expr_hits": 47,
  "dedup_behavior_hits": 88,
  "timestamp": "2026-03-25T14:02:19"
}