{
  "generation": 8,
  "best_score": 0.051250000000000004,
  "avg_score": 0.06203125,
  "dedup_expr_hits": 150,
  "dedup_behavior_hits": 247,
  "timestamp": "2026-03-25T14:11:10"
}