{
  "generation": 7,
  "best_score": 0.051250000000000004,
  "avg_score": 0.05722656250000001,
  "dedup_expr_hits": 137,
  "dedup_behavior_hits": 225,
  "timestamp": "2026-03-25T14:09:41"
}