{
  "generation": 2,
  "best_score": 0.051250000000000004,
  "avg_score": 0.0639453125,
  "dedup_expr_hits": 70,
  "dedup_behavior_hits": 116,
  "timestamp": "2026-03-25T14:03:08"
}