{
  "generation": 4,
  "best_score": 0.051250000000000004,
  "avg_score": 0.06234375,
  "dedup_expr_hits": 96,
  "dedup_behavior_hits": 153,
  "timestamp": "2026-03-25T14:05:34"
}