{
  "generation": 5,
  "best_score": 0.051250000000000004,
  "avg_score": 0.058632812500000006,
  "dedup_expr_hits": 103,
  "dedup_behavior_hits": 177,
  "timestamp": "2026-03-25T14:06:56"
}