{
  "generation": 3,
  "best_score": 0.051250000000000004,
  "avg_score": 0.067109375,
  "dedup_expr_hits": 85,
  "dedup_behavior_hits": 135,
  "timestamp": "2026-03-25T14:04:17"
}