{
  "generation": 6,
  "best_score": 0.051250000000000004,
  "avg_score": 0.05648437500000001,
  "dedup_expr_hits": 121,
  "dedup_behavior_hits": 199,
  "timestamp": "2026-03-25T14:08:21"
}