{
  "generation": 4,
  "best_score": 0.052397107073217195,
  "avg_score": 0.06105864205250006,
  "dedup_expr_hits": 86,
  "dedup_behavior_hits": 123,
  "timestamp": "2026-03-25T21:47:58"
}