{
  "generation": 5,
  "best_score": 0.05029934180682977,
  "avg_score": 0.056402213861138736,
  "dedup_expr_hits": 103,
  "dedup_behavior_hits": 143,
  "timestamp": "2026-03-25T21:56:53"
}