{
  "generation": 7,
  "best_score": 0.04989073038773534,
  "avg_score": 0.060998515939494444,
  "dedup_expr_hits": 132,
  "dedup_behavior_hits": 184,
  "timestamp": "2026-03-25T22:14:36"
}