{
  "generation": 3,
  "best_score": 0.052397107073217195,
  "avg_score": 0.0665153728162125,
  "dedup_expr_hits": 78,
  "dedup_behavior_hits": 109,
  "timestamp": "2026-03-25T21:38:54"
}