{
  "generation": 2,
  "best_score": 0.05368404604777651,
  "avg_score": 0.05957926303398722,
  "dedup_expr_hits": 62,
  "dedup_behavior_hits": 91,
  "timestamp": "2026-03-25T21:28:37"
}