{
  "generation": 1,
  "best_score": 0.05371610921446276,
  "avg_score": 0.06345507955204369,
  "dedup_expr_hits": 46,
  "dedup_behavior_hits": 68,
  "timestamp": "2026-03-25T21:18:04"
}