{
  "generation": 8,
  "best_score": 0.04980336504734663,
  "avg_score": 0.05568934717648741,
  "dedup_expr_hits": 154,
  "dedup_behavior_hits": 210,
  "timestamp": "2026-03-25T22:24:51"
}