{
  "generation": 6,
  "best_score": 0.05029934180682977,
  "avg_score": 0.054201312964509335,
  "dedup_expr_hits": 124,
  "dedup_behavior_hits": 161,
  "timestamp": "2026-03-25T22:05:44"
}