{
  "generation": 5,
  "best_score": 0.049536519768482404,
  "avg_score": 0.052023171598931606,
  "dedup_expr_hits": 91,
  "dedup_behavior_hits": 145,
  "timestamp": "2026-03-26T10:42:05"
}