{
  "generation": 1,
  "best_score": 0.050477870556676664,
  "avg_score": 0.062466851229607,
  "dedup_expr_hits": 42,
  "dedup_behavior_hits": 65,
  "timestamp": "2026-03-26T09:48:01"
}