{
  "generation": 8,
  "best_score": 0.04891040865153795,
  "avg_score": 0.055502689344749244,
  "dedup_expr_hits": 139,
  "dedup_behavior_hits": 212,
  "timestamp": "2026-03-26T11:22:10"
}