{
  "generation": 7,
  "best_score": 0.048916206716482544,
  "avg_score": 0.051696454957509214,
  "dedup_expr_hits": 134,
  "dedup_behavior_hits": 188,
  "timestamp": "2026-03-26T11:09:25"
}