{
  "generation": 2,
  "best_score": 0.050477870556676664,
  "avg_score": 0.05893000449626239,
  "dedup_expr_hits": 59,
  "dedup_behavior_hits": 92,
  "timestamp": "2026-03-26T10:02:01"
}