{
  "generation": 6,
  "best_score": 0.04925923260437589,
  "avg_score": 0.05027654401291463,
  "dedup_expr_hits": 113,
  "dedup_behavior_hits": 168,
  "timestamp": "2026-03-26T10:57:32"
}