{
  "generation": 3,
  "best_score": 0.04961607277810317,
  "avg_score": 0.06390763891918405,
  "dedup_expr_hits": 73,
  "dedup_behavior_hits": 109,
  "timestamp": "2026-03-26T10:15:19"
}