{
  "generation": 4,
  "best_score": 0.04957248609822181,
  "avg_score": 0.06256142926815005,
  "dedup_expr_hits": 87,
  "dedup_behavior_hits": 127,
  "timestamp": "2026-03-26T10:28:37"
}