{
  "generation": 7,
  "best_score": 0.05114537513134099,
  "avg_score": 0.05784091565319667,
  "dedup_expr_hits": 146,
  "dedup_behavior_hits": 281,
  "timestamp": "2026-03-25T12:45:51"
}