{
  "generation": 2,
  "best_score": 0.05652473520697363,
  "avg_score": 0.05934347047321517,
  "dedup_expr_hits": 84,
  "dedup_behavior_hits": 161,
  "timestamp": "2026-03-25T12:39:03"
}