{
  "generation": 4,
  "best_score": 0.05114537513134099,
  "avg_score": 0.07440803896821571,
  "dedup_expr_hits": 108,
  "dedup_behavior_hits": 205,
  "timestamp": "2026-03-25T12:41:28"
}