{
  "generation": 3,
  "best_score": 0.05114537513134099,
  "avg_score": 0.07005725533641921,
  "dedup_expr_hits": 97,
  "dedup_behavior_hits": 184,
  "timestamp": "2026-03-25T12:40:20"
}