{
  "generation": 1,
  "best_score": 0.05702473520697363,
  "avg_score": 0.06264536521062132,
  "dedup_expr_hits": 68,
  "dedup_behavior_hits": 136,
  "timestamp": "2026-03-25T12:37:56"
}