{
  "generation": 5,
  "best_score": 0.05114537513134099,
  "avg_score": 0.0597893735623998,
  "dedup_expr_hits": 121,
  "dedup_behavior_hits": 230,
  "timestamp": "2026-03-25T12:43:03"
}