{
  "generation": 6,
  "best_score": 0.05114537513134099,
  "avg_score": 0.05659388602345102,
  "dedup_expr_hits": 134,
  "dedup_behavior_hits": 257,
  "timestamp": "2026-03-25T12:44:31"
}