{
  "generation": 8,
  "best_score": 0.05114537513134099,
  "avg_score": 0.057347142343924504,
  "dedup_expr_hits": 165,
  "dedup_behavior_hits": 302,
  "timestamp": "2026-03-25T12:46:59"
}