{
  "generation": 6,
  "best_score": 0.056385867296173973,
  "avg_score": 0.05958904945569316,
  "dedup_expr_hits": 110,
  "dedup_behavior_hits": 186,
  "timestamp": "2026-03-25T19:08:21"
}