{
  "generation": 3,
  "best_score": 0.05691563690904929,
  "avg_score": 0.0621831297966261,
  "dedup_expr_hits": 79,
  "dedup_behavior_hits": 124,
  "timestamp": "2026-03-25T18:41:24"
}