{
  "generation": 7,
  "best_score": 0.05390340184518098,
  "avg_score": 0.059379162899272635,
  "dedup_expr_hits": 116,
  "dedup_behavior_hits": 201,
  "timestamp": "2026-03-25T19:16:00"
}