{
  "generation": 8,
  "best_score": 0.05346981656944834,
  "avg_score": 0.05889983114116894,
  "dedup_expr_hits": 127,
  "dedup_behavior_hits": 223,
  "timestamp": "2026-03-25T19:25:14"
}