{
  "generation": 1,
  "best_score": 0.06128968820645024,
  "avg_score": 0.07090736144459787,
  "dedup_expr_hits": 47,
  "dedup_behavior_hits": 76,
  "timestamp": "2026-03-25T18:21:27"
}