{
  "generation": 4,
  "best_score": 0.05691563690904929,
  "avg_score": 0.06477820274899614,
  "dedup_expr_hits": 86,
  "dedup_behavior_hits": 145,
  "timestamp": "2026-03-25T18:50:05"
}