{
  "generation": 5,
  "best_score": 0.05691563690904929,
  "avg_score": 0.06040369192135585,
  "dedup_expr_hits": 96,
  "dedup_behavior_hits": 164,
  "timestamp": "2026-03-25T18:59:26"
}