{
  "generation": 2,
  "best_score": 0.05691563690904929,
  "avg_score": 0.0634590825908272,
  "dedup_expr_hits": 69,
  "dedup_behavior_hits": 108,
  "timestamp": "2026-03-25T18:32:27"
}