{
  "generation": 5,
  "best_score": 0.052807353228815065,
  "avg_score": 0.05713430273379569,
  "dedup_expr_hits": 108,
  "dedup_behavior_hits": 168,
  "timestamp": "2026-03-26T05:53:17"
}