{
  "generation": 7,
  "best_score": 0.05244055913764271,
  "avg_score": 0.06039348258062774,
  "dedup_expr_hits": 131,
  "dedup_behavior_hits": 202,
  "timestamp": "2026-03-26T06:11:56"
}