{
  "generation": 8,
  "best_score": 0.05182707272002901,
  "avg_score": 0.0594307971047213,
  "dedup_expr_hits": 143,
  "dedup_behavior_hits": 224,
  "timestamp": "2026-03-26T06:21:16"
}