{
  "generation": 6,
  "best_score": 0.052807353228815065,
  "avg_score": 0.055386504969585706,
  "dedup_expr_hits": 121,
  "dedup_behavior_hits": 182,
  "timestamp": "2026-03-26T06:02:52"
}