{
  "generation": 4,
  "best_score": 0.052885925047116825,
  "avg_score": 0.06379505778337353,
  "dedup_expr_hits": 93,
  "dedup_behavior_hits": 145,
  "timestamp": "2026-03-26T05:44:02"
}