{
  "generation": 1,
  "best_score": 0.05371610921446276,
  "avg_score": 0.06148719504277163,
  "dedup_expr_hits": 51,
  "dedup_behavior_hits": 81,
  "timestamp": "2026-03-26T05:15:36"
}