{
  "generation": 2,
  "best_score": 0.052885925047116825,
  "avg_score": 0.05966307726241658,
  "dedup_expr_hits": 64,
  "dedup_behavior_hits": 98,
  "timestamp": "2026-03-26T05:24:46"
}