{
  "generation": 3,
  "best_score": 0.052885925047116825,
  "avg_score": 0.06512580724469182,
  "dedup_expr_hits": 80,
  "dedup_behavior_hits": 118,
  "timestamp": "2026-03-26T05:34:02"
}