{
  "generation": 1,
  "best_score": 0.05518564618089535,
  "avg_score": 0.06943119876316448,
  "dedup_expr_hits": 33,
  "dedup_behavior_hits": 54,
  "timestamp": "2026-03-25T16:08:18"
}