{
  "generation": 2,
  "best_score": 0.05518564618089535,
  "avg_score": 0.06297354016125781,
  "dedup_expr_hits": 49,
  "dedup_behavior_hits": 77,
  "timestamp": "2026-03-25T16:15:52"
}