{
  "generation": 3,
  "best_score": 0.05001965757644605,
  "avg_score": 0.05848151999667825,
  "dedup_expr_hits": 63,
  "dedup_behavior_hits": 93,
  "timestamp": "2026-03-25T16:22:44"
}