{
  "generation": 3,
  "best_score": 0.04216867469879518,
  "avg_score": 0.055421686746987955,
  "dedup_expr_hits": 68,
  "dedup_behavior_hits": 128,
  "timestamp": "2026-03-25T14:08:14"
}