{
  "generation": 1,
  "best_score": 0.04578313253012048,
  "avg_score": 0.05871611445783133,
  "dedup_expr_hits": 53,
  "dedup_behavior_hits": 90,
  "timestamp": "2026-03-25T14:05:35"
}