{
  "generation": 5,
  "best_score": 0.04216867469879518,
  "avg_score": 0.05135542168674699,
  "dedup_expr_hits": 91,
  "dedup_behavior_hits": 163,
  "timestamp": "2026-03-25T14:10:55"
}