{
  "generation": 4,
  "best_score": 0.04216867469879518,
  "avg_score": 0.055421686746987955,
  "dedup_expr_hits": 77,
  "dedup_behavior_hits": 145,
  "timestamp": "2026-03-25T14:09:31"
}