{
  "generation": 2,
  "best_score": 0.04397590361445783,
  "avg_score": 0.05506400602409639,
  "dedup_expr_hits": 63,
  "dedup_behavior_hits": 110,
  "timestamp": "2026-03-25T14:06:49"
}