{
  "generation": 8,
  "best_score": 0.04216867469879518,
  "avg_score": 0.05436746987951807,
  "dedup_expr_hits": 128,
  "dedup_behavior_hits": 230,
  "timestamp": "2026-03-25T14:15:57"
}