{
  "generation": 7,
  "best_score": 0.04216867469879518,
  "avg_score": 0.05056475903614458,
  "dedup_expr_hits": 120,
  "dedup_behavior_hits": 205,
  "timestamp": "2026-03-25T14:14:01"
}