{
  "generation": 6,
  "best_score": 0.04216867469879518,
  "avg_score": 0.04952936746987952,
  "dedup_expr_hits": 105,
  "dedup_behavior_hits": 185,
  "timestamp": "2026-03-25T14:12:23"
}