{
  "generation": 3,
  "best_score": 0.04814372212948983,
  "avg_score": 0.061335745577201985,
  "dedup_expr_hits": 114,
  "dedup_behavior_hits": 205,
  "timestamp": "2026-03-25T12:40:01"
}