{
  "generation": 4,
  "best_score": 0.04814372212948983,
  "avg_score": 0.06146732583086208,
  "dedup_expr_hits": 123,
  "dedup_behavior_hits": 228,
  "timestamp": "2026-03-25T12:41:13"
}