{
  "generation": 6,
  "best_score": 0.04812486310072981,
  "avg_score": 0.05342784784867038,
  "dedup_expr_hits": 149,
  "dedup_behavior_hits": 280,
  "timestamp": "2026-03-25T12:44:24"
}