{
  "generation": 2,
  "best_score": 0.04961533385110155,
  "avg_score": 0.05851366931315968,
  "dedup_expr_hits": 103,
  "dedup_behavior_hits": 178,
  "timestamp": "2026-03-25T12:38:49"
}