{
  "generation": 5,
  "best_score": 0.04812998334949349,
  "avg_score": 0.05462401921677679,
  "dedup_expr_hits": 135,
  "dedup_behavior_hits": 251,
  "timestamp": "2026-03-25T12:42:29"
}