{
  "generation": 7,
  "best_score": 0.04812486310072981,
  "avg_score": 0.053152119405731904,
  "dedup_expr_hits": 161,
  "dedup_behavior_hits": 305,
  "timestamp": "2026-03-25T12:45:42"
}