{
  "generation": 8,
  "best_score": 0.04764409386996058,
  "avg_score": 0.049929172854336935,
  "dedup_expr_hits": 168,
  "dedup_behavior_hits": 325,
  "timestamp": "2026-03-25T12:47:18"
}