{
  "generation": 1,
  "best_score": 0.05310204351847768,
  "avg_score": 0.06481558181139364,
  "dedup_expr_hits": 82,
  "dedup_behavior_hits": 136,
  "timestamp": "2026-03-25T12:37:52"
}