{
  "generation": 6,
  "best_score": 0.06250000000000001,
  "avg_score": 0.06859375000000002,
  "dedup_expr_hits": 143,
  "dedup_behavior_hits": 275,
  "timestamp": "2026-03-25T13:57:20"
}