{
  "generation": 3,
  "best_score": 0.06500000000000002,
  "avg_score": 0.07890625000000002,
  "dedup_expr_hits": 92,
  "dedup_behavior_hits": 184,
  "timestamp": "2026-03-25T13:54:20"
}