{
  "generation": 1,
  "best_score": 0.07250000000000002,
  "avg_score": 0.08265625000000004,
  "dedup_expr_hits": 56,
  "dedup_behavior_hits": 118,
  "timestamp": "2026-03-25T13:52:34"
}