{
  "generation": 7,
  "best_score": 0.06250000000000001,
  "avg_score": 0.06867187500000002,
  "dedup_expr_hits": 150,
  "dedup_behavior_hits": 299,
  "timestamp": "2026-03-25T13:58:52"
}