{
  "generation": 5,
  "best_score": 0.06500000000000002,
  "avg_score": 0.07375000000000002,
  "dedup_expr_hits": 116,
  "dedup_behavior_hits": 249,
  "timestamp": "2026-03-25T13:56:11"
}