{
  "generation": 2,
  "best_score": 0.07000000000000002,
  "avg_score": 0.08015625000000004,
  "dedup_expr_hits": 80,
  "dedup_behavior_hits": 160,
  "timestamp": "2026-03-25T13:53:31"
}