{
  "generation": 8,
  "best_score": 0.06250000000000001,
  "avg_score": 0.06820312500000002,
  "dedup_expr_hits": 167,
  "dedup_behavior_hits": 324,
  "timestamp": "2026-03-25T14:00:47"
}