{
  "generation": 4,
  "best_score": 0.06500000000000002,
  "avg_score": 0.07710937500000004,
  "dedup_expr_hits": 108,
  "dedup_behavior_hits": 214,
  "timestamp": "2026-03-25T13:55:09"
}