{
  "generation": 8,
  "best_score": 0.06220869286103039,
  "avg_score": 0.0636989532010876,
  "dedup_expr_hits": 200,
  "dedup_behavior_hits": 344,
  "timestamp": "2026-03-26T06:10:36"
}