{
  "generation": 3,
  "best_score": 0.062393589823497984,
  "avg_score": 0.06831615954429823,
  "dedup_expr_hits": 108,
  "dedup_behavior_hits": 172,
  "timestamp": "2026-03-26T04:52:46"
}