{
  "generation": 1,
  "best_score": 0.062393589823497984,
  "avg_score": 0.06415061758743304,
  "dedup_expr_hits": 37,
  "dedup_behavior_hits": 83,
  "timestamp": "2026-03-26T04:19:02"
}