{
  "generation": 7,
  "best_score": 0.06220869286103039,
  "avg_score": 0.06250137950634164,
  "dedup_expr_hits": 184,
  "dedup_behavior_hits": 312,
  "timestamp": "2026-03-26T05:57:23"
}