{
  "generation": 2,
  "best_score": 0.062393589823497984,
  "avg_score": 0.06314846280857173,
  "dedup_expr_hits": 79,
  "dedup_behavior_hits": 135,
  "timestamp": "2026-03-26T04:37:28"
}