{
  "generation": 6,
  "best_score": 0.062387862618149124,
  "avg_score": 0.0624768344329496,
  "dedup_expr_hits": 169,
  "dedup_behavior_hits": 274,
  "timestamp": "2026-03-26T05:40:19"
}