{
  "generation": 4,
  "best_score": 0.062387862618149124,
  "avg_score": 0.06933431344928555,
  "dedup_expr_hits": 131,
  "dedup_behavior_hits": 210,
  "timestamp": "2026-03-26T05:09:23"
}