{
  "generation": 5,
  "best_score": 0.062387862618149124,
  "avg_score": 0.06333735361061738,
  "dedup_expr_hits": 147,
  "dedup_behavior_hits": 243,
  "timestamp": "2026-03-26T05:24:59"
}