{
  "generation": 8,
  "best_score": 0.0503988030567162,
  "avg_score": 0.05619279315721441,
  "dedup_expr_hits": 133,
  "dedup_behavior_hits": 196,
  "timestamp": "2026-03-25T19:23:44"
}