{
  "generation": 1,
  "best_score": 0.05371610921446276,
  "avg_score": 0.06491843118102934,
  "dedup_expr_hits": 40,
  "dedup_behavior_hits": 71,
  "timestamp": "2026-03-25T18:21:51"
}