{
  "generation": 3,
  "best_score": 0.05368404604777651,
  "avg_score": 0.0632564979548806,
  "dedup_expr_hits": 72,
  "dedup_behavior_hits": 112,
  "timestamp": "2026-03-25T18:41:15"
}