{
  "generation": 6,
  "best_score": 0.05208685232496487,
  "avg_score": 0.056155758252431166,
  "dedup_expr_hits": 101,
  "dedup_behavior_hits": 158,
  "timestamp": "2026-03-25T19:08:09"
}