{
  "generation": 2,
  "best_score": 0.05368404604777651,
  "avg_score": 0.06065510374991647,
  "dedup_expr_hits": 56,
  "dedup_behavior_hits": 93,
  "timestamp": "2026-03-25T18:31:58"
}