{
  "generation": 4,
  "best_score": 0.053548106691588174,
  "avg_score": 0.06279825041487754,
  "dedup_expr_hits": 78,
  "dedup_behavior_hits": 127,
  "timestamp": "2026-03-25T18:50:19"
}