{
  "generation": 7,
  "best_score": 0.05067630803660288,
  "avg_score": 0.058170062979535114,
  "dedup_expr_hits": 120,
  "dedup_behavior_hits": 178,
  "timestamp": "2026-03-25T19:15:58"
}