{
  "generation": 5,
  "best_score": 0.05302425872866586,
  "avg_score": 0.05505686132857556,
  "dedup_expr_hits": 82,
  "dedup_behavior_hits": 139,
  "timestamp": "2026-03-25T18:59:16"
}