{
  "generation": 6,
  "best_score": 0.03980059455437457,
  "avg_score": 0.04455936288239529,
  "dedup_expr_hits": 129,
  "dedup_behavior_hits": 228,
  "timestamp": "2026-03-25T13:39:51"
}