{
  "generation": 1,
  "best_score": 0.044174836995121536,
  "avg_score": 0.05157615526636026,
  "dedup_expr_hits": 60,
  "dedup_behavior_hits": 125,
  "timestamp": "2026-03-25T13:19:21"
}