{
  "generation": 4,
  "best_score": 0.04155926025231035,
  "avg_score": 0.05216488033412399,
  "dedup_expr_hits": 101,
  "dedup_behavior_hits": 188,
  "timestamp": "2026-03-25T13:31:25"
}