{
  "generation": 2,
  "best_score": 0.04156706647565632,
  "avg_score": 0.04775554682997131,
  "dedup_expr_hits": 71,
  "dedup_behavior_hits": 151,
  "timestamp": "2026-03-25T13:23:31"
}