{
  "generation": 8,
  "best_score": 0.03868495355892272,
  "avg_score": 0.04363442335621863,
  "dedup_expr_hits": 152,
  "dedup_behavior_hits": 256,
  "timestamp": "2026-03-25T13:48:27"
}