{
  "generation": 5,
  "best_score": 0.0399138332767189,
  "avg_score": 0.04532807771842671,
  "dedup_expr_hits": 114,
  "dedup_behavior_hits": 207,
  "timestamp": "2026-03-25T13:35:17"
}