{
  "generation": 3,
  "best_score": 0.04156706647565632,
  "avg_score": 0.052852814218504914,
  "dedup_expr_hits": 80,
  "dedup_behavior_hits": 168,
  "timestamp": "2026-03-25T13:27:14"
}