{
  "generation": 7,
  "best_score": 0.039792178775502354,
  "avg_score": 0.0443710351649231,
  "dedup_expr_hits": 140,
  "dedup_behavior_hits": 243,
  "timestamp": "2026-03-25T13:43:54"
}