{
  "generation": 5,
  "best_score": 0.04927317450466866,
  "avg_score": 0.05162192326382676,
  "dedup_expr_hits": 118,
  "dedup_behavior_hits": 166,
  "timestamp": "2026-03-26T10:22:05"
}