{
  "generation": 6,
  "best_score": 0.04927317450466866,
  "avg_score": 0.05088111081861898,
  "dedup_expr_hits": 134,
  "dedup_behavior_hits": 190,
  "timestamp": "2026-03-26T10:31:32"
}