{
  "generation": 3,
  "best_score": 0.04938614350873112,
  "avg_score": 0.06110184153173001,
  "dedup_expr_hits": 80,
  "dedup_behavior_hits": 118,
  "timestamp": "2026-03-26T10:02:40"
}