{
  "generation": 8,
  "best_score": 0.0491849588133214,
  "avg_score": 0.05591229735877798,
  "dedup_expr_hits": 157,
  "dedup_behavior_hits": 233,
  "timestamp": "2026-03-26T10:49:37"
}