{
  "generation": 7,
  "best_score": 0.04927317450466866,
  "avg_score": 0.05467655497909622,
  "dedup_expr_hits": 143,
  "dedup_behavior_hits": 212,
  "timestamp": "2026-03-26T10:40:24"
}