{
  "generation": 2,
  "best_score": 0.050477870556676664,
  "avg_score": 0.05691520155094983,
  "dedup_expr_hits": 66,
  "dedup_behavior_hits": 92,
  "timestamp": "2026-03-26T09:52:41"
}