{
  "generation": 4,
  "best_score": 0.049377069030615436,
  "avg_score": 0.05881327696496701,
  "dedup_expr_hits": 94,
  "dedup_behavior_hits": 141,
  "timestamp": "2026-03-26T10:12:37"
}