{
  "generation": 8,
  "best_score": 0.05109522207031229,
  "avg_score": 0.06307802932574447,
  "dedup_expr_hits": 176,
  "dedup_behavior_hits": 246,
  "timestamp": "2026-03-26T02:58:47"
}