{
  "generation": 4,
  "best_score": 0.05800196931663858,
  "avg_score": 0.06414011300497258,
  "dedup_expr_hits": 110,
  "dedup_behavior_hits": 143,
  "timestamp": "2026-03-26T02:24:31"
}