{
  "generation": 6,
  "best_score": 0.05109522207031229,
  "avg_score": 0.059493207598863736,
  "dedup_expr_hits": 143,
  "dedup_behavior_hits": 192,
  "timestamp": "2026-03-26T02:41:13"
}