{
  "generation": 2,
  "best_score": 0.06067217964467227,
  "avg_score": 0.0639606850397916,
  "dedup_expr_hits": 75,
  "dedup_behavior_hits": 101,
  "timestamp": "2026-03-26T02:08:49"
}