{
  "generation": 5,
  "best_score": 0.05109522207031229,
  "avg_score": 0.061076830110884536,
  "dedup_expr_hits": 130,
  "dedup_behavior_hits": 167,
  "timestamp": "2026-03-26T02:32:35"
}