{
  "generation": 1,
  "best_score": 0.06128968820645024,
  "avg_score": 0.07217844831750522,
  "dedup_expr_hits": 49,
  "dedup_behavior_hits": 68,
  "timestamp": "2026-03-26T01:59:35"
}