{
  "generation": 3,
  "best_score": 0.06063475449497167,
  "avg_score": 0.06670626903650283,
  "dedup_expr_hits": 90,
  "dedup_behavior_hits": 118,
  "timestamp": "2026-03-26T02:16:41"
}