{
  "generation": 7,
  "best_score": 0.05109522207031229,
  "avg_score": 0.06203421980390855,
  "dedup_expr_hits": 158,
  "dedup_behavior_hits": 218,
  "timestamp": "2026-03-26T02:49:46"
}