{
  "generation": 6,
  "best_score": 0.0384615927149708,
  "avg_score": 0.04703786743567577,
  "dedup_expr_hits": 143,
  "dedup_behavior_hits": 221,
  "timestamp": "2026-03-25T13:02:01"
}