{
  "generation": 8,
  "best_score": 0.037988669306373415,
  "avg_score": 0.045251417246325136,
  "dedup_expr_hits": 164,
  "dedup_behavior_hits": 264,
  "timestamp": "2026-03-25T13:06:17"
}