{
  "generation": 1,
  "best_score": 0.044853234030690824,
  "avg_score": 0.053131588201842155,
  "dedup_expr_hits": 80,
  "dedup_behavior_hits": 112,
  "timestamp": "2026-03-25T12:51:39"
}