{
  "generation": 2,
  "best_score": 0.044853234030690824,
  "avg_score": 0.05399074141805526,
  "dedup_expr_hits": 89,
  "dedup_behavior_hits": 145,
  "timestamp": "2026-03-25T12:53:39"
}