{
  "generation": 4,
  "best_score": 0.04221890060899865,
  "avg_score": 0.058668086395029545,
  "dedup_expr_hits": 117,
  "dedup_behavior_hits": 184,
  "timestamp": "2026-03-25T12:57:53"
}