{
  "generation": 3,
  "best_score": 0.04321785690793613,
  "avg_score": 0.05690211570318881,
  "dedup_expr_hits": 102,
  "dedup_behavior_hits": 165,
  "timestamp": "2026-03-25T12:55:28"
}