{
  "generation": 5,
  "best_score": 0.04221890060899865,
  "avg_score": 0.0492805832349283,
  "dedup_expr_hits": 137,
  "dedup_behavior_hits": 202,
  "timestamp": "2026-03-25T12:59:57"
}