{
  "generation": 7,
  "best_score": 0.0384615927149708,
  "avg_score": 0.04672185982762632,
  "dedup_expr_hits": 151,
  "dedup_behavior_hits": 241,
  "timestamp": "2026-03-25T13:04:09"
}