{
  "enabled": true,
  "top_k": 2,
  "steps": 2,
  "improved": false,
  "start_best_score": 0.037988669306373415,
  "end_best_score": 0.037988669306373415,
  "records": [
    {
      "elite_rank": 0,
      "step": 1,
      "status": "evaluated",
      "candidate_score": 0.03971352258571588
    },
    {
      "elite_rank": 0,
      "step": 2,
      "status": "evaluated",
      "candidate_score": 0.03821673879662474
    },
    {
      "elite_rank": 1,
      "step": 1,
      "status": "evaluated",
      "candidate_score": 0.038956703254498994
    },
    {
      "elite_rank": 1,
      "step": 2,
      "status": "evaluated",
      "candidate_score": 0.039726774990984454
    }
  ]
}