{
  "generation": 5,
  "best_score": 0.05507510219947438,
  "avg_score": 0.06129716132302392,
  "dedup_expr_hits": 135,
  "dedup_behavior_hits": 174,
  "timestamp": "2026-03-26T03:07:03"
}