{
  "generation": 8,
  "best_score": 0.05280927518316629,
  "avg_score": 0.058143246030904774,
  "dedup_expr_hits": 170,
  "dedup_behavior_hits": 241,
  "timestamp": "2026-03-26T03:50:56"
}