{
  "generation": 1,
  "best_score": 0.06128968820645024,
  "avg_score": 0.0708929468501107,
  "dedup_expr_hits": 61,
  "dedup_behavior_hits": 77,
  "timestamp": "2026-03-26T02:06:06"
}