{
  "generation": 3,
  "best_score": 0.05507510219947438,
  "avg_score": 0.0659607522978439,
  "dedup_expr_hits": 104,
  "dedup_behavior_hits": 128,
  "timestamp": "2026-03-26T02:36:55"
}