{
  "generation": 7,
  "best_score": 0.05318641703767911,
  "avg_score": 0.05825498786703395,
  "dedup_expr_hits": 152,
  "dedup_behavior_hits": 217,
  "timestamp": "2026-03-26T03:36:14"
}