{
  "generation": 6,
  "best_score": 0.053209953903610274,
  "avg_score": 0.059456265427841846,
  "dedup_expr_hits": 140,
  "dedup_behavior_hits": 197,
  "timestamp": "2026-03-26T03:23:20"
}