{
  "generation": 2,
  "best_score": 0.05781287631564567,
  "avg_score": 0.06592218288830577,
  "dedup_expr_hits": 84,
  "dedup_behavior_hits": 108,
  "timestamp": "2026-03-26T02:22:14"
}