{
  "generation": 4,
  "best_score": 0.05507510219947438,
  "avg_score": 0.06871143190901913,
  "dedup_expr_hits": 120,
  "dedup_behavior_hits": 155,
  "timestamp": "2026-03-26T02:51:54"
}