{
  "generation": 5,
  "best_score": 0.04929902510752856,
  "avg_score": 0.05230509837738643,
  "dedup_expr_hits": 117,
  "dedup_behavior_hits": 156,
  "timestamp": "2026-03-26T10:12:03"
}