{
  "generation": 3,
  "best_score": 0.050477870556676664,
  "avg_score": 0.06054566587481145,
  "dedup_expr_hits": 78,
  "dedup_behavior_hits": 116,
  "timestamp": "2026-03-26T09:55:37"
}