{
  "generation": 8,
  "best_score": 0.04853662649270975,
  "avg_score": 0.05544208759781608,
  "dedup_expr_hits": 150,
  "dedup_behavior_hits": 229,
  "timestamp": "2026-03-26T10:39:08"
}