{
  "generation": 7,
  "best_score": 0.049011182471370415,
  "avg_score": 0.060293885843311336,
  "dedup_expr_hits": 136,
  "dedup_behavior_hits": 208,
  "timestamp": "2026-03-26T10:30:30"
}