{
  "generation": 2,
  "best_score": 0.050477870556676664,
  "avg_score": 0.05896710022451414,
  "dedup_expr_hits": 65,
  "dedup_behavior_hits": 97,
  "timestamp": "2026-03-26T09:47:36"
}