{
  "generation": 1,
  "best_score": 0.050477870556676664,
  "avg_score": 0.06290234568338193,
  "dedup_expr_hits": 42,
  "dedup_behavior_hits": 66,
  "timestamp": "2026-03-26T09:38:09"
}