{
  "generation": 6,
  "best_score": 0.04929902510752856,
  "avg_score": 0.05180380279652923,
  "dedup_expr_hits": 126,
  "dedup_behavior_hits": 181,
  "timestamp": "2026-03-26T10:20:29"
}