{
  "generation": 4,
  "best_score": 0.0501244371725573,
  "avg_score": 0.057013454877556456,
  "dedup_expr_hits": 104,
  "dedup_behavior_hits": 134,
  "timestamp": "2026-03-26T10:03:43"
}