{
  "generation": 3,
  "best_score": 0.04952953057883675,
  "avg_score": 0.06297686215699184,
  "dedup_expr_hits": 82,
  "dedup_behavior_hits": 109,
  "timestamp": "2026-03-26T06:24:26"
}