{
  "generation": 8,
  "best_score": 0.04792585722997324,
  "avg_score": 0.05549938945204548,
  "dedup_expr_hits": 155,
  "dedup_behavior_hits": 208,
  "timestamp": "2026-03-26T07:18:40"
}