{
  "generation": 6,
  "best_score": 0.04792585722997324,
  "avg_score": 0.05050329713184145,
  "dedup_expr_hits": 112,
  "dedup_behavior_hits": 163,
  "timestamp": "2026-03-26T06:57:19"
}