{
  "generation": 5,
  "best_score": 0.04792585722997324,
  "avg_score": 0.05398513497960277,
  "dedup_expr_hits": 102,
  "dedup_behavior_hits": 149,
  "timestamp": "2026-03-26T06:46:24"
}