{
  "generation": 1,
  "best_score": 0.05371610921446276,
  "avg_score": 0.06197179013761217,
  "dedup_expr_hits": 45,
  "dedup_behavior_hits": 67,
  "timestamp": "2026-03-26T06:02:37"
}