{
  "generation": 2,
  "best_score": 0.05007943862872334,
  "avg_score": 0.05792621401805895,
  "dedup_expr_hits": 65,
  "dedup_behavior_hits": 90,
  "timestamp": "2026-03-26T06:14:20"
}