{
  "generation": 7,
  "best_score": 0.04792585722997324,
  "avg_score": 0.05334386057144198,
  "dedup_expr_hits": 132,
  "dedup_behavior_hits": 185,
  "timestamp": "2026-03-26T07:07:52"
}