{
  "generation": 4,
  "best_score": 0.048891115396118526,
  "avg_score": 0.06285181157343167,
  "dedup_expr_hits": 93,
  "dedup_behavior_hits": 127,
  "timestamp": "2026-03-26T06:34:49"
}