{
  "generation": 3,
  "best_score": 0.06128968820645024,
  "avg_score": 0.0664744056173351,
  "dedup_expr_hits": 98,
  "dedup_behavior_hits": 124,
  "timestamp": "2026-03-26T02:21:51"
}