{
  "generation": 6,
  "best_score": 0.05512244219382838,
  "avg_score": 0.061123949287869975,
  "dedup_expr_hits": 147,
  "dedup_behavior_hits": 188,
  "timestamp": "2026-03-26T02:49:15"
}