{
  "generation": 8,
  "best_score": 0.050229563641370455,
  "avg_score": 0.05642431710729601,
  "dedup_expr_hits": 178,
  "dedup_behavior_hits": 228,
  "timestamp": "2026-03-26T03:09:12"
}