{
  "generation": 1,
  "best_score": 0.06128968820645024,
  "avg_score": 0.07087726183082885,
  "dedup_expr_hits": 64,
  "dedup_behavior_hits": 74,
  "timestamp": "2026-03-26T02:02:13"
}