{
  "generation": 7,
  "best_score": 0.05088171570579627,
  "avg_score": 0.05864028554905565,
  "dedup_expr_hits": 162,
  "dedup_behavior_hits": 205,
  "timestamp": "2026-03-26T02:59:30"
}