{
  "generation": 2,
  "best_score": 0.06128968820645024,
  "avg_score": 0.06416632668097398,
  "dedup_expr_hits": 80,
  "dedup_behavior_hits": 100,
  "timestamp": "2026-03-26T02:12:20"
}