{
  "generation": 5,
  "best_score": 0.055925916347948613,
  "avg_score": 0.0620786133094467,
  "dedup_expr_hits": 138,
  "dedup_behavior_hits": 162,
  "timestamp": "2026-03-26T02:39:52"
}