{
  "generation": 4,
  "best_score": 0.055925916347948613,
  "avg_score": 0.06617080632100228,
  "dedup_expr_hits": 117,
  "dedup_behavior_hits": 144,
  "timestamp": "2026-03-26T02:31:13"
}