{
  "generation": 5,
  "best_score": 0.05192899552114475,
  "avg_score": 0.06050886812468063,
  "dedup_expr_hits": 117,
  "dedup_behavior_hits": 187,
  "timestamp": "2026-03-26T12:41:30"
}