{
  "generation": 2,
  "best_score": 0.055699101280550736,
  "avg_score": 0.06204968403139203,
  "dedup_expr_hits": 75,
  "dedup_behavior_hits": 113,
  "timestamp": "2026-03-26T12:01:58"
}