{
  "generation": 1,
  "best_score": 0.059742972704179255,
  "avg_score": 0.06265398050655203,
  "dedup_expr_hits": 37,
  "dedup_behavior_hits": 76,
  "timestamp": "2026-03-26T11:48:02"
}