{
  "generation": 3,
  "best_score": 0.055699101280550736,
  "avg_score": 0.06743195116596526,
  "dedup_expr_hits": 85,
  "dedup_behavior_hits": 140,
  "timestamp": "2026-03-26T12:15:17"
}