{
  "generation": 4,
  "best_score": 0.055699101280550736,
  "avg_score": 0.07051640297418071,
  "dedup_expr_hits": 97,
  "dedup_behavior_hits": 163,
  "timestamp": "2026-03-26T12:28:45"
}