{
  "generation": 7,
  "best_score": 0.051227659921621635,
  "avg_score": 0.056976791131358624,
  "dedup_expr_hits": 148,
  "dedup_behavior_hits": 215,
  "timestamp": "2026-03-26T13:03:13"
}