{
  "generation": 8,
  "best_score": 0.05115179242619172,
  "avg_score": 0.05835300566091698,
  "dedup_expr_hits": 171,
  "dedup_behavior_hits": 232,
  "timestamp": "2026-03-26T13:14:03"
}