{
  "generation": 6,
  "best_score": 0.0512596033928436,
  "avg_score": 0.057537977779173494,
  "dedup_expr_hits": 135,
  "dedup_behavior_hits": 199,
  "timestamp": "2026-03-26T12:53:14"
}