{
  "generation": 3,
  "best_score": 0.062479811055481005,
  "avg_score": 0.07448342448018795,
  "dedup_expr_hits": 113,
  "dedup_behavior_hits": 191,
  "timestamp": "2026-03-26T03:57:41"
}