{
  "generation": 4,
  "best_score": 0.062479811055481005,
  "avg_score": 0.06919401858162137,
  "dedup_expr_hits": 131,
  "dedup_behavior_hits": 223,
  "timestamp": "2026-03-26T04:07:40"
}