{
  "generation": 5,
  "best_score": 0.06215976921188303,
  "avg_score": 0.062478686687003834,
  "dedup_expr_hits": 139,
  "dedup_behavior_hits": 253,
  "timestamp": "2026-03-26T04:17:57"
}