{
  "generation": 2,
  "best_score": 0.06248315689276766,
  "avg_score": 0.06588337945703063,
  "dedup_expr_hits": 91,
  "dedup_behavior_hits": 158,
  "timestamp": "2026-03-26T03:47:07"
}