{
  "generation": 6,
  "best_score": 0.06211526579419119,
  "avg_score": 0.062407900471360724,
  "dedup_expr_hits": 156,
  "dedup_behavior_hits": 289,
  "timestamp": "2026-03-26T04:29:09"
}