{
  "generation": 7,
  "best_score": 0.06206670844168331,
  "avg_score": 0.062393852652284844,
  "dedup_expr_hits": 183,
  "dedup_behavior_hits": 313,
  "timestamp": "2026-03-26T04:39:21"
}