{
  "generation": 1,
  "best_score": 0.06249555412852886,
  "avg_score": 0.06575936312544314,
  "dedup_expr_hits": 59,
  "dedup_behavior_hits": 97,
  "timestamp": "2026-03-26T03:34:52"
}