{
  "generation": 8,
  "best_score": 0.06206670844168331,
  "avg_score": 0.0623322102869846,
  "dedup_expr_hits": 194,
  "dedup_behavior_hits": 338,
  "timestamp": "2026-03-26T04:49:19"
}