{
  "generation": 2,
  "best_score": 0.05936830585429716,
  "avg_score": 0.06899445934574808,
  "dedup_expr_hits": 52,
  "dedup_behavior_hits": 94,
  "timestamp": "2026-03-25T17:01:42"
}