{
  "generation": 4,
  "best_score": 0.05936830585429716,
  "avg_score": 0.06847290823877313,
  "dedup_expr_hits": 75,
  "dedup_behavior_hits": 137,
  "timestamp": "2026-03-25T17:16:28"
}