{
  "generation": 1,
  "best_score": 0.06225479945702337,
  "avg_score": 0.06269255791376219,
  "dedup_expr_hits": 43,
  "dedup_behavior_hits": 75,
  "timestamp": "2026-03-25T16:54:31"
}