{
  "generation": 3,
  "best_score": 0.05936830585429716,
  "avg_score": 0.06863787519446973,
  "dedup_expr_hits": 61,
  "dedup_behavior_hits": 111,
  "timestamp": "2026-03-25T17:08:45"
}