{
  "generation": 7,
  "best_score": 0.05202771315315145,
  "avg_score": 0.058584492683731657,
  "dedup_expr_hits": 184,
  "dedup_behavior_hits": 254,
  "timestamp": "2026-03-26T12:42:01"
}