{
  "generation": 8,
  "best_score": 0.05092506949130708,
  "avg_score": 0.05797751455084381,
  "dedup_expr_hits": 193,
  "dedup_behavior_hits": 283,
  "timestamp": "2026-03-26T12:51:07"
}