{
  "generation": 5,
  "best_score": 0.055444913498343226,
  "avg_score": 0.06078531917866102,
  "dedup_expr_hits": 144,
  "dedup_behavior_hits": 198,
  "timestamp": "2026-03-26T12:23:29"
}