{
  "generation": 2,
  "best_score": 0.05596928260163483,
  "avg_score": 0.06403881458679837,
  "dedup_expr_hits": 81,
  "dedup_behavior_hits": 114,
  "timestamp": "2026-03-26T11:55:58"
}