{
  "generation": 6,
  "best_score": 0.05480298416839691,
  "avg_score": 0.05927298689742699,
  "dedup_expr_hits": 163,
  "dedup_behavior_hits": 231,
  "timestamp": "2026-03-26T12:33:13"
}