{
  "generation": 1,
  "best_score": 0.062028012118650666,
  "avg_score": 0.06333066816856868,
  "dedup_expr_hits": 49,
  "dedup_behavior_hits": 85,
  "timestamp": "2026-03-26T11:45:20"
}