{
  "generation": 3,
  "best_score": 0.055444913498343226,
  "avg_score": 0.06465889456329542,
  "dedup_expr_hits": 104,
  "dedup_behavior_hits": 149,
  "timestamp": "2026-03-26T12:05:17"
}