{
  "generation": 4,
  "best_score": 0.055444913498343226,
  "avg_score": 0.06941203214497164,
  "dedup_expr_hits": 121,
  "dedup_behavior_hits": 174,
  "timestamp": "2026-03-26T12:14:03"
}