{
  "generation": 5,
  "best_score": 0.04977556617485671,
  "avg_score": 0.05578965651922192,
  "dedup_expr_hits": 111,
  "dedup_behavior_hits": 155,
  "timestamp": "2026-03-26T10:23:36"
}