{
  "generation": 3,
  "best_score": 0.05039453955554892,
  "avg_score": 0.0620541869186358,
  "dedup_expr_hits": 84,
  "dedup_behavior_hits": 119,
  "timestamp": "2026-03-26T10:03:25"
}