{
  "generation": 2,
  "best_score": 0.05039453955554892,
  "avg_score": 0.05970561818278736,
  "dedup_expr_hits": 64,
  "dedup_behavior_hits": 94,
  "timestamp": "2026-03-26T09:52:33"
}