{
  "generation": 4,
  "best_score": 0.05039453955554892,
  "avg_score": 0.06037766845993003,
  "dedup_expr_hits": 97,
  "dedup_behavior_hits": 135,
  "timestamp": "2026-03-26T10:14:12"
}