{
  "generation": 1,
  "best_score": 0.050477870556676664,
  "avg_score": 0.06340216383423505,
  "dedup_expr_hits": 44,
  "dedup_behavior_hits": 67,
  "timestamp": "2026-03-26T09:41:46"
}