{
  "generation": 7,
  "best_score": 0.049196795994838546,
  "avg_score": 0.05814763152780161,
  "dedup_expr_hits": 133,
  "dedup_behavior_hits": 206,
  "timestamp": "2026-03-26T10:47:08"
}