{
  "generation": 6,
  "best_score": 0.049196795994838546,
  "avg_score": 0.05041802869071218,
  "dedup_expr_hits": 121,
  "dedup_behavior_hits": 183,
  "timestamp": "2026-03-26T10:34:35"
}