{
  "generation": 8,
  "best_score": 0.048889612446325434,
  "avg_score": 0.052535782989886294,
  "dedup_expr_hits": 143,
  "dedup_behavior_hits": 224,
  "timestamp": "2026-03-26T10:58:14"
}