{
  "generation": 5,
  "timestamp": "2026-03-26T10:23:36",
  "island_count": 2,
  "population_size": 16,
  "islands": [
    {
      "island": 0,
      "size": 16,
      "candidates": [
        {
          "expr": "max(-abs(-abs(-abs(max(-1.733 * global_tightness + -0.726 * remaining + 0.546 * bin_rank + 1.859 * after + -0.581 * stdev_remaining, -after) - 0.5 * after))), 0.5 * -abs(max(-1.733 * global_tightness + -0.726 * remaining + 0.546 * bin_rank + 1.859 * after + -0.581 * stdev_remaining, -after) - 1.0 * fill) + 0.5 * (0.5 * -abs(max(-1.733 * global_tightness + -0.726 * remaining + 0.546 * bin_rank + 1.859 * after + -0.581 * stdev_remaining, -after) - 1.0 * fill) + 0.5 * -abs(max(-1.733 * global_tightness + -0.726 * remaining + 0.546 * bin_rank + 1.859 * after + -0.581 * stdev_remaining, -after))))",
          "score": 0.04977556617485671,
          "novelty": 1.0,
          "stability": 0.9994433195863628,
          "behavior_signature": "8cf634d1b5b6840cec67a48aea95293ca5e1ea9ab1392e1f1a36399a5794b8ac"
        },
        {
          "expr": "0.5 * -abs(max(-1.733 * global_tightness + -0.726 * remaining + 0.546 * bin_rank + 1.859 * after + -0.581 * stdev_remaining, -after) - 1.0 * fill) + 0.5 * -abs(max(-1.733 * global_tightness + -0.726 * remaining + 0.546 * bin_rank + 1.859 * after + -0.581 * stdev_remaining, -after)) + 0.5 * exact_fit",
          "score": 0.05031894616301195,
          "novelty": 1.0,
          "stability": 1.0,
          "behavior_signature": "0f121a4c959a7853a04cb3a30622454fadd39589705639a990a382c541736acb"
        },
        {
          "expr": "max(-abs(max(-1.733 * global_tightness + -0.726 * remaining + 0.546 * bin_rank + 1.859 * after + -0.581 * stdev_remaining, -after)), 0.5 * -abs(max(-1.733 * global_tightness + -0.726 * remaining + 0.546 * bin_rank + 1.859 * after + -0.581 * stdev_remaining, -after) - 1.0 * fill) + 0.5 * -abs(max(-1.733 * global_tightness + -0.726 * remaining + 0.546 * bin_rank + 1.859 * after + -0.581 * stdev_remaining, -after)))",
          "score": 0.05045257880243903,
          "novelty": 1.0,
          "stability": 0.9998657069067178,
          "behavior_signature": "60b9745fdcc0c7883a953c43d8784fc8cff96970d8009e89476b60e2924e877e"
        },
        {
          "expr": "-abs(max(-1.733 * global_tightness + -0.726 * remaining + 0.546 * bin_rank + 1.859 * after + -0.581 * stdev_remaining, -after))",
          "score": 0.0505531011853293,
          "novelty": 1.0,
          "stability": 0.9908552665076013,
          "behavior_signature": "6f89087925c21e49899ba1b66bffa8a41f358ff477a23fd893e26acea6a9625e"
        },
        {
          "expr": "-abs(max(-1.733 * global_tightness + -0.726 * remaining + 0.546 * bin_rank + 1.859 * after + -0.581 * stdev_remaining, -after)) - 0.1 * mean_remaining",
          "score": 0.0505531011853293,
          "novelty": 0.14285714285714285,
          "stability": 0.999604708018566,
          "behavior_signature": "6f89087925c21e49899ba1b66bffa8a41f358ff477a23fd893e26acea6a9625e"
        },
        {
          "expr": "0.5 * -abs(max(-1.733 * global_tightness + -0.726 * remaining + 0.546 * bin_rank + 1.859 * after + -0.581 * stdev_remaining, -after) - 1.0 * fill) + 0.5 * -abs(max(-1.733 * global_tightness + -0.726 * remaining + 0.546 * bin_rank + 1.859 * after + -0.581 * stdev_remaining, -after))",
          "score": 0.05077424732409654,
          "novelty": 1.0,
          "stability": 0.999771864101507,
          "behavior_signature": "cb44d4bcc2a73abdd9aed444fd38b717ba0649267b8aadc71053392381adf7c8"
        },
        {
          "expr": "-abs(0.5 * -abs(max(-1.733 * global_tightness + -0.726 * remaining + 0.546 * bin_rank + 1.859 * after + -0.581 * stdev_remaining, -after) - 1.0 * fill) + 0.5 * -abs(max(-1.733 * global_tightness + -0.726 * remaining + 0.546 * bin_rank + 1.859 * after + -0.581 * stdev_remaining, -after)))",
          "score": 0.05077424732409654,
          "novelty": 0.3333333333333333,
          "stability": 0.9999103951811283,
          "behavior_signature": "cb44d4bcc2a73abdd9aed444fd38b717ba0649267b8aadc71053392381adf7c8"
        },
        {
          "expr": "-abs(max(-1.6 * global_tightness + -0.8 * remaining + 0.6 * bin_rank + 1.92 * after + -0.58 * stdev_remaining, -after))",
          "score": 0.051214187878407216,
          "novelty": 1.0,
          "stability": 0.9997506790460706,
          "behavior_signature": "db5cb52a49924f5cb91eda98b16aed572c760ae065e36bfcb1c1bea758f38c33"
        },
        {
          "expr": "-abs(0.5 * -abs(-abs(max(-1.733 * global_tightness + -0.726 * remaining + 0.546 * bin_rank + 1.859 * after + -0.581 * stdev_remaining, -after) - 0.5 * after)) + 0.5 * (0.5 * -abs(max(-1.733 * global_tightness + -0.726 * remaining + 0.546 * bin_rank + 1.859 * after + -0.581 * stdev_remaining, -after) - 1.0 * fill) + 0.5 * -abs(max(-1.733 * global_tightness + -0.726 * remaining + 0.546 * bin_rank + 1.859 * after + -0.581 * stdev_remaining, -after))))",
          "score": 0.05123196790217714,
          "novelty": 0.5,
          "stability": 0.9999634914381315,
          "behavior_signature": "fb5baa09adfb37dc17fd8b77745ca052be2349c35e3d63269177e38eec6bf95e"
        },
        {
          "expr": "-abs(-abs(max(-1.733 * global_tightness + -0.726 * remaining + 0.546 * bin_rank + 1.859 * after + -0.581 * stdev_remaining, -after) - 1.0 * fill) - 2.0 * mean_remaining)",
          "score": 0.051569142762852474,
          "novelty": 0.2,
          "stability": 0.9999203645487841,
          "behavior_signature": "dc2e83ce0ae528966121878f248bd4d2191c693f1b8d54aa1e84e746541dfb88"
        },
        {
          "expr": "-abs(-abs(-abs(max(-1.733 * global_tightness + -0.726 * remaining + 0.546 * bin_rank + 1.859 * after + -0.581 * stdev_remaining, -after) - 0.5 * after))) - 0.2 * mean_remaining",
          "score": 0.05220232466436057,
          "novelty": 0.2,
          "stability": 1.0,
          "behavior_signature": "ce96d7fe478f158df8e1be1244f66af8b42e6c881ae0774f1986b00245bd3ac4"
        },
        {
          "expr": "-abs(-abs(-abs(-abs(max(-1.733 * global_tightness + -0.726 * remaining + 0.546 * bin_rank + 1.859 * after + -0.581 * stdev_remaining, -after) - 0.5 * after))))",
          "score": 0.05220232466436057,
          "novelty": 0.16666666666666666,
          "stability": 0.9993095445691155,
          "behavior_signature": "ce96d7fe478f158df8e1be1244f66af8b42e6c881ae0774f1986b00245bd3ac4"
        },
        {
          "expr": "-abs(max(-1.733 * global_tightness + -0.726 * remaining + 0.546 * bin_rank + 1.859 * after + -0.581 * stdev_remaining, -after) - 0.5 * after) - 0.2 * fill + 0.1 * item - 0.5 * fill",
          "score": 0.052235016283135295,
          "novelty": 1.0,
          "stability": 0.9992440042435273,
          "behavior_signature": "09ce55d1189e3aabfdca93dda78e8e652bde6c02fccafcfe5f0beec0668b7f86"
        },
        {
          "expr": "-abs(max(-1.733 * global_tightness + -0.726 * remaining + 0.546 * bin_rank + 1.859 * after + -0.581 * stdev_remaining, -after) - 0.5 * after - 0.2 * exact_fit) - 0.5 * exact_fit - 2.0 * item",
          "score": 0.052371121072298465,
          "novelty": 1.0,
          "stability": 0.9998558278414995,
          "behavior_signature": "a595c1b1c84df8a081dbf98323fd65a474cce3a175010c8a86400c681caec6f1"
        },
        {
          "expr": "-abs(-abs(max(-1.733 * global_tightness + -0.726 * remaining + 0.546 * bin_rank + 1.859 * after + -0.581 * stdev_remaining, -after) - 0.5 * after - 0.2 * exact_fit) - 0.5 * exact_fit)",
          "score": 0.052371121072298465,
          "novelty": 0.5,
          "stability": 0.9992642766108603,