{
  "generation": 5,
  "best_score": 0.040119760479041915,
  "avg_score": 0.04634169161676647,
  "dedup_expr_hits": 103,
  "dedup_behavior_hits": 167,
  "timestamp": "2026-03-25T14:38:33"
}