{
  "generation": 6,
  "best_score": 0.03952095808383234,
  "avg_score": 0.04454528443113773,
  "dedup_expr_hits": 126,
  "dedup_behavior_hits": 190,
  "timestamp": "2026-03-25T14:41:00"
}