{
  "generation": 1,
  "best_score": 0.04131736526946108,
  "avg_score": 0.053312125748503,
  "dedup_expr_hits": 47,
  "dedup_behavior_hits": 67,
  "timestamp": "2026-03-25T14:29:08"
}