{
  "generation": 8,
  "best_score": 0.039221556886227554,
  "avg_score": 0.044900823353293415,
  "dedup_expr_hits": 156,
  "dedup_behavior_hits": 240,
  "timestamp": "2026-03-25T14:46:27"
}