{
  "generation": 2,
  "best_score": 0.04041916167664671,
  "avg_score": 0.05047717065868264,
  "dedup_expr_hits": 67,
  "dedup_behavior_hits": 100,
  "timestamp": "2026-03-25T14:31:29"
}