{
  "generation": 7,
  "best_score": 0.039221556886227554,
  "avg_score": 0.044171032934131736,
  "dedup_expr_hits": 147,
  "dedup_behavior_hits": 215,
  "timestamp": "2026-03-25T14:43:37"
}