{
  "generation": 3,
  "best_score": 0.04041916167664671,
  "avg_score": 0.048989520958083836,
  "dedup_expr_hits": 84,
  "dedup_behavior_hits": 124,
  "timestamp": "2026-03-25T14:33:40"
}