{
  "generation": 4,
  "best_score": 0.040419161676646706,
  "avg_score": 0.047230538922155695,
  "dedup_expr_hits": 94,
  "dedup_behavior_hits": 142,
  "timestamp": "2026-03-25T14:36:02"
}