{
  "generation": 4,
  "best_score": 0.048893846354824126,
  "avg_score": 0.05827118259937366,
  "dedup_expr_hits": 69,
  "dedup_behavior_hits": 121,
  "timestamp": "2026-03-25T17:15:10"
}