{
  "generation": 1,
  "best_score": 0.051002919508807455,
  "avg_score": 0.07134481395114643,
  "dedup_expr_hits": 38,
  "dedup_behavior_hits": 61,
  "timestamp": "2026-03-25T16:53:18"
}