{
  "generation": 2,
  "best_score": 0.050738939716213294,
  "avg_score": 0.06956406426494205,
  "dedup_expr_hits": 47,
  "dedup_behavior_hits": 82,
  "timestamp": "2026-03-25T17:00:01"
}