{
  "generation": 3,
  "best_score": 0.04898855391400046,
  "avg_score": 0.057641090225085984,
  "dedup_expr_hits": 59,
  "dedup_behavior_hits": 94,
  "timestamp": "2026-03-25T17:07:19"
}