{
  "generation": 2,
  "best_score": 0.04337349397590361,
  "avg_score": 0.05261671686746988,
  "dedup_expr_hits": 66,
  "dedup_behavior_hits": 106,
  "timestamp": "2026-03-25T14:14:42"
}