{
  "generation": 3,
  "best_score": 0.0427710843373494,
  "avg_score": 0.050150602409638555,
  "dedup_expr_hits": 84,
  "dedup_behavior_hits": 126,
  "timestamp": "2026-03-25T14:15:54"
}