{
  "generation": 4,
  "best_score": 0.0427710843373494,
  "avg_score": 0.05003765060240964,
  "dedup_expr_hits": 88,
  "dedup_behavior_hits": 146,
  "timestamp": "2026-03-25T14:17:19"
}