{
  "generation": 5,
  "best_score": 0.0427710843373494,
  "avg_score": 0.046573795180722896,
  "dedup_expr_hits": 110,
  "dedup_behavior_hits": 164,
  "timestamp": "2026-03-25T14:18:59"
}