{
  "generation": 8,
  "best_score": 0.0427710843373494,
  "avg_score": 0.049058734939759034,
  "dedup_expr_hits": 142,
  "dedup_behavior_hits": 250,
  "timestamp": "2026-03-25T14:24:24"
}