{
  "generation": 6,
  "best_score": 0.0427710843373494,
  "avg_score": 0.045858433734939766,
  "dedup_expr_hits": 123,
  "dedup_behavior_hits": 194,
  "timestamp": "2026-03-25T14:20:52"
}