{
  "generation": 7,
  "best_score": 0.0427710843373494,
  "avg_score": 0.05005647590361446,
  "dedup_expr_hits": 137,
  "dedup_behavior_hits": 220,
  "timestamp": "2026-03-25T14:22:19"
}