{
  "generation": 1,
  "best_score": 0.043975903614457836,
  "avg_score": 0.05783132530120482,
  "dedup_expr_hits": 49,
  "dedup_behavior_hits": 89,
  "timestamp": "2026-03-25T14:13:31"
}