{
  "generation": 1,
  "best_score": 0.062028012118650666,
  "avg_score": 0.06283064066246291,
  "dedup_expr_hits": 55,
  "dedup_behavior_hits": 86,
  "timestamp": "2026-03-26T11:48:51"
}