{
  "generation": 6,
  "best_score": 0.05438010034121451,
  "avg_score": 0.058785727307422556,
  "dedup_expr_hits": 161,
  "dedup_behavior_hits": 204,
  "timestamp": "2026-03-26T12:55:27"
}