{
  "generation": 3,
  "best_score": 0.05547686867507785,
  "avg_score": 0.06849854170504473,
  "dedup_expr_hits": 111,
  "dedup_behavior_hits": 145,
  "timestamp": "2026-03-26T12:16:37"
}