{
  "generation": 5,
  "best_score": 0.05438010034121451,
  "avg_score": 0.060406651974843864,
  "dedup_expr_hits": 146,
  "dedup_behavior_hits": 182,
  "timestamp": "2026-03-26T12:44:00"
}