{
  "generation": 2,
  "best_score": 0.06199718433247546,
  "avg_score": 0.06288754702619928,
  "dedup_expr_hits": 89,
  "dedup_behavior_hits": 123,
  "timestamp": "2026-03-26T12:03:04"
}