{
  "generation": 8,
  "best_score": 0.054063513296696286,
  "avg_score": 0.058501261174834666,
  "dedup_expr_hits": 185,
  "dedup_behavior_hits": 240,
  "timestamp": "2026-03-26T13:15:48"
}