{
  "generation": 4,
  "best_score": 0.05474750272705982,
  "avg_score": 0.0630567350471586,
  "dedup_expr_hits": 132,
  "dedup_behavior_hits": 163,
  "timestamp": "2026-03-26T12:31:08"
}