{
  "generation": 7,
  "best_score": 0.05438010034121451,
  "avg_score": 0.05802287865764403,
  "dedup_expr_hits": 176,
  "dedup_behavior_hits": 219,
  "timestamp": "2026-03-26T13:06:28"
}