{
  "generation": 6,
  "best_score": 0.062458168734063235,
  "avg_score": 0.062492082791277215,
  "dedup_expr_hits": 181,
  "dedup_behavior_hits": 303,
  "timestamp": "2026-03-26T04:31:41"
}