{
  "generation": 7,
  "best_score": 0.062458168734063235,
  "avg_score": 0.064024698537209,
  "dedup_expr_hits": 206,
  "dedup_behavior_hits": 333,
  "timestamp": "2026-03-26T04:40:52"
}