{
  "generation": 3,
  "best_score": 0.06249555412852886,
  "avg_score": 0.06706915528547323,
  "dedup_expr_hits": 126,
  "dedup_behavior_hits": 198,
  "timestamp": "2026-03-26T04:00:47"
}