{
  "generation": 5,
  "best_score": 0.062458168734063235,
  "avg_score": 0.06250143907870237,
  "dedup_expr_hits": 163,
  "dedup_behavior_hits": 271,
  "timestamp": "2026-03-26T04:22:08"
}