{
  "generation": 1,
  "best_score": 0.06249555412852886,
  "avg_score": 0.06454027546115441,
  "dedup_expr_hits": 60,
  "dedup_behavior_hits": 98,
  "timestamp": "2026-03-26T03:36:53"
}