{
  "generation": 2,
  "best_score": 0.06249555412852886,
  "avg_score": 0.06453257771347919,
  "dedup_expr_hits": 97,
  "dedup_behavior_hits": 162,
  "timestamp": "2026-03-26T03:50:11"
}