{
  "generation": 8,
  "best_score": 0.062458168734063235,
  "avg_score": 0.06250215219864834,
  "dedup_expr_hits": 224,
  "dedup_behavior_hits": 371,
  "timestamp": "2026-03-26T04:50:58"
}