{
  "generation": 4,
  "best_score": 0.06249555412852886,
  "avg_score": 0.06708210075915277,
  "dedup_expr_hits": 146,
  "dedup_behavior_hits": 237,
  "timestamp": "2026-03-26T04:11:47"
}