{
  "generation": 8,
  "best_score": 0.0547590065354114,
  "avg_score": 0.05743198361215238,
  "dedup_expr_hits": 202,
  "dedup_behavior_hits": 293,
  "timestamp": "2026-03-26T12:48:35"
}