{
  "generation": 5,
  "best_score": 0.05547686867507785,
  "avg_score": 0.06311119708560602,
  "dedup_expr_hits": 137,
  "dedup_behavior_hits": 208,
  "timestamp": "2026-03-26T12:21:28"
}