{
  "generation": 1,
  "best_score": 0.062028012118650666,
  "avg_score": 0.06337176108998946,
  "dedup_expr_hits": 55,
  "dedup_behavior_hits": 80,
  "timestamp": "2026-03-26T11:44:34"
}