{
  "generation": 3,
  "best_score": 0.062028012118650666,
  "avg_score": 0.06456169467346906,
  "dedup_expr_hits": 95,
  "dedup_behavior_hits": 148,
  "timestamp": "2026-03-26T12:04:20"
}