{
  "generation": 6,
  "best_score": 0.055476066859677174,
  "avg_score": 0.060476674584425946,
  "dedup_expr_hits": 171,
  "dedup_behavior_hits": 252,
  "timestamp": "2026-03-26T12:31:56"
}