{
  "generation": 4,
  "best_score": 0.062028012118650666,
  "avg_score": 0.06649560609873961,
  "dedup_expr_hits": 120,
  "dedup_behavior_hits": 181,
  "timestamp": "2026-03-26T12:13:10"
}