{
  "generation": 7,
  "best_score": 0.05481194059368695,
  "avg_score": 0.05880203893140895,
  "dedup_expr_hits": 186,
  "dedup_behavior_hits": 272,
  "timestamp": "2026-03-26T12:40:11"
}