{
  "generation": 2,
  "best_score": 0.062028012118650666,
  "avg_score": 0.0626799926286071,
  "dedup_expr_hits": 88,
  "dedup_behavior_hits": 117,
  "timestamp": "2026-03-26T11:55:21"
}