{
  "generation": 5,
  "best_score": 0.0538763759684476,
  "avg_score": 0.062019763805396755,
  "dedup_expr_hits": 118,
  "dedup_behavior_hits": 274,
  "timestamp": "2026-03-25T12:32:12"
}