{
  "generation": 8,
  "best_score": 0.0538763759684476,
  "avg_score": 0.061488953122009686,
  "dedup_expr_hits": 171,
  "dedup_behavior_hits": 344,
  "timestamp": "2026-03-25T12:35:47"
}