{
  "generation": 4,
  "best_score": 0.0538763759684476,
  "avg_score": 0.06944717499248865,
  "dedup_expr_hits": 99,
  "dedup_behavior_hits": 245,
  "timestamp": "2026-03-25T12:31:28"
}