{
  "generation": 7,
  "best_score": 0.0538763759684476,
  "avg_score": 0.06335085581055167,
  "dedup_expr_hits": 155,
  "dedup_behavior_hits": 320,
  "timestamp": "2026-03-25T12:34:34"
}