{
  "generation": 3,
  "best_score": 0.0538763759684476,
  "avg_score": 0.06369558709771535,
  "dedup_expr_hits": 90,
  "dedup_behavior_hits": 221,
  "timestamp": "2026-03-25T12:30:43"
}