{
  "generation": 2,
  "best_score": 0.0538763759684476,
  "avg_score": 0.05910913511516648,
  "dedup_expr_hits": 80,
  "dedup_behavior_hits": 188,
  "timestamp": "2026-03-25T12:30:00"
}