{
  "generation": 1,
  "best_score": 0.054896784131712895,
  "avg_score": 0.05892823221993648,
  "dedup_expr_hits": 68,
  "dedup_behavior_hits": 151,
  "timestamp": "2026-03-25T12:29:18"
}