{
  "generation": 6,
  "best_score": 0.0538763759684476,
  "avg_score": 0.05484181819153248,
  "dedup_expr_hits": 133,
  "dedup_behavior_hits": 295,
  "timestamp": "2026-03-25T12:33:05"
}