{
  "generation": 5,
  "best_score": 0.04156626506024096,
  "avg_score": 0.046216114457831324,
  "dedup_expr_hits": 112,
  "dedup_behavior_hits": 179,
  "timestamp": "2026-03-25T14:13:36"
}