{
  "generation": 6,
  "best_score": 0.04156626506024096,
  "avg_score": 0.04583960843373494,
  "dedup_expr_hits": 131,
  "dedup_behavior_hits": 204,
  "timestamp": "2026-03-25T14:15:04"
}