{
  "generation": 4,
  "best_score": 0.0427710843373494,
  "avg_score": 0.049303463855421684,
  "dedup_expr_hits": 93,
  "dedup_behavior_hits": 152,
  "timestamp": "2026-03-25T14:12:04"
}