{
  "generation": 3,
  "best_score": 0.0427710843373494,
  "avg_score": 0.05257906626506024,
  "dedup_expr_hits": 78,
  "dedup_behavior_hits": 127,
  "timestamp": "2026-03-25T14:10:41"
}