{
  "generation": 1,
  "best_score": 0.043975903614457836,
  "avg_score": 0.05975150602409638,
  "dedup_expr_hits": 52,
  "dedup_behavior_hits": 81,
  "timestamp": "2026-03-25T14:08:06"
}