{
  "generation": 2,
  "best_score": 0.043975903614457836,
  "avg_score": 0.0563441265060241,
  "dedup_expr_hits": 65,
  "dedup_behavior_hits": 109,
  "timestamp": "2026-03-25T14:09:30"
}