{
  "generation": 7,
  "best_score": 0.04156626506024096,
  "avg_score": 0.04583960843373494,
  "dedup_expr_hits": 155,
  "dedup_behavior_hits": 228,
  "timestamp": "2026-03-25T14:16:19"
}