{
  "generation": 8,
  "best_score": 0.04156626506024096,
  "avg_score": 0.04798569277108434,
  "dedup_expr_hits": 169,
  "dedup_behavior_hits": 252,
  "timestamp": "2026-03-25T14:18:08"
}