{
  "generation": 5,
  "best_score": 0.050183523023945485,
  "avg_score": 0.06068611842589829,
  "dedup_expr_hits": 136,
  "dedup_behavior_hits": 263,
  "timestamp": "2026-03-26T05:02:32"
}