{
  "generation": 1,
  "best_score": 0.062393589823497984,
  "avg_score": 0.06583411552338629,
  "dedup_expr_hits": 44,
  "dedup_behavior_hits": 78,
  "timestamp": "2026-03-26T04:11:56"
}