{
  "generation": 4,
  "best_score": 0.05049732790161726,
  "avg_score": 0.06735633011269736,
  "dedup_expr_hits": 122,
  "dedup_behavior_hits": 232,
  "timestamp": "2026-03-26T04:51:20"
}