{
  "generation": 8,
  "best_score": 0.049888622304548026,
  "avg_score": 0.055507890868191134,
  "dedup_expr_hits": 203,
  "dedup_behavior_hits": 336,
  "timestamp": "2026-03-26T05:37:23"
}