{
  "generation": 2,
  "best_score": 0.062393589823497984,
  "avg_score": 0.06358753735925853,
  "dedup_expr_hits": 83,
  "dedup_behavior_hits": 142,
  "timestamp": "2026-03-26T04:27:00"
}