{
  "generation": 7,
  "best_score": 0.05007518602437779,
  "avg_score": 0.059303135831769674,
  "dedup_expr_hits": 193,
  "dedup_behavior_hits": 314,
  "timestamp": "2026-03-26T05:25:10"
}