{
  "generation": 3,
  "best_score": 0.062393589823497984,
  "avg_score": 0.06752749434234975,
  "dedup_expr_hits": 99,
  "dedup_behavior_hits": 185,
  "timestamp": "2026-03-26T04:38:37"
}