{
  "generation": 6,
  "best_score": 0.050183523023945485,
  "avg_score": 0.0582731945621286,
  "dedup_expr_hits": 151,
  "dedup_behavior_hits": 291,
  "timestamp": "2026-03-26T05:13:39"
}