{
  "generation": 5,
  "best_score": 0.038445231555435444,
  "avg_score": 0.042886472039103465,
  "dedup_expr_hits": 117,
  "dedup_behavior_hits": 193,
  "timestamp": "2026-03-25T13:38:10"
}