{
  "generation": 7,
  "best_score": 0.03769927388417112,
  "avg_score": 0.04224652591836559,
  "dedup_expr_hits": 157,
  "dedup_behavior_hits": 240,
  "timestamp": "2026-03-25T13:46:48"
}