{
  "generation": 8,
  "best_score": 0.03769736070427481,
  "avg_score": 0.04812609433902211,
  "dedup_expr_hits": 168,
  "dedup_behavior_hits": 270,
  "timestamp": "2026-03-25T13:50:57"
}