{
  "generation": 4,
  "best_score": 0.038445231555435444,
  "avg_score": 0.04555276218964891,
  "dedup_expr_hits": 99,
  "dedup_behavior_hits": 168,
  "timestamp": "2026-03-25T13:33:58"
}