{
  "generation": 3,
  "best_score": 0.038445231555435444,
  "avg_score": 0.0442471090888023,
  "dedup_expr_hits": 89,
  "dedup_behavior_hits": 152,
  "timestamp": "2026-03-25T13:29:51"
}