{
  "generation": 2,
  "best_score": 0.038445231555435444,
  "avg_score": 0.046357065692013755,
  "dedup_expr_hits": 82,
  "dedup_behavior_hits": 135,
  "timestamp": "2026-03-25T13:26:03"
}