{
  "generation": 6,
  "best_score": 0.037814143690885996,
  "avg_score": 0.04233087236768304,
  "dedup_expr_hits": 136,
  "dedup_behavior_hits": 218,
  "timestamp": "2026-03-25T13:42:40"
}