{
  "generation": 1,
  "best_score": 0.038445231555435444,
  "avg_score": 0.04742361565214646,
  "dedup_expr_hits": 63,
  "dedup_behavior_hits": 114,
  "timestamp": "2026-03-25T13:22:11"
}