{
  "mode": "orlib_per_source",
  "parent_run_dir": "runs\\260325122756_or_parts_ds",
  "subrun_count": 8,
  "rows": [
    {
      "source": "binpack1",
      "run_dir": "runs\\260325122756_or_parts_ds\\subruns\\260325122756_or_ds",
      "best_score": 0.050970210826805654,
      "best_score_pct": 5.097021082680565,
      "best_expression": "max(-2.022 * global_tightness + 0.966 * exact_fit + -2.244 * global_tightness + -0.304 * bin_rank + 0.309 * slack_rank, -after)",
      "avg_bins": 51.65,
      "avg_gap": 2.5,
      "avg_gap_ratio": 0.050970210826805654,
      "avg_gap_pct": 5.097021082680565,
      "ff_avg_gap_ratio": 0.061990951229990335,
      "bf_avg_gap_ratio": 0.05593845079837957,
      "ff_avg_gap_pct": 6.199095122999034,
      "bf_avg_gap_pct": 5.5938450798379575,
      "delta_vs_bf_pp": 0.4968239971573922,
      "delta_vs_ff_pp": 1.1020740403184686,
      "rel_improve_vs_bf_pct": 8.88161881615399,
      "rel_improve_vs_ff_pct": 17.777982406330633,
      "instances": 20
    },
    {
      "source": "binpack2",
      "run_dir": "runs\\260325122756_or_parts_ds\\subruns\\260325123608_or_ds",
      "best_score": 0.047634667022298446,
      "best_score_pct": 4.763466702229844,
      "best_expression": "max(0.5 * (1.646 * bin_rank + 1.507 * slack_rank - 1.94 * mean_remaining + 1.533 * exact_fit - 0.862 * global_tightness - abs(after) + 0.5 * after) + 0.5 * max(1.134 * bin_rank - 2.489 * stdev_remaining + 1.357 * slack_rank - 0.596 * after, -0.862 * global_tightness - 1.94 * mean_remaining + 1.533 * exact_fit), max(max(max(0.309 * slack_rank - 2.244 * global_tightness - 0.304 * bin_rank, -after) * (1.0 - exact_fit), max(min(0.9 * fill - 1.1 * stdev_remaining, after) * (item - mean_remaining), min(0.9 * fill - 1.1 * stdev_remaining, after) * (item - mean_remaining))), -abs(after)) - 0.5 * fill) + 0.2 * exact_fit + 0.2233 * bin_rank",
      "avg_bins": 106.55,
      "avg_gap": 4.85,
      "avg_gap_ratio": 0.047634667022298446,
      "avg_gap_pct": 4.763466702229844,
      "ff_avg_gap_ratio": 0.06287314534450404,
      "bf_avg_gap_ratio": 0.05904103770721673,
      "ff_avg_gap_pct": 6.287314534450404,
      "bf_avg_gap_pct": 5.904103770721672,
      "delta_vs_bf_pp": 1.140637068491828,
      "delta_vs_ff_pp": 1.52384783222056,
      "rel_improve_vs_bf_pct": 19.319393980644843,
      "rel_improve_vs_ff_pct": 24.236863351926527,
      "instances": 20
    },
    {
      "source": "binpack3",
      "run_dir": "runs\\260325122756_or_parts_ds\\subruns\\260325124738_or_ds",
      "best_score": 0.037988669306373415,
      "best_score_pct": 3.7988669306373417,
      "best_expression": "-abs(0.5 * max(max(0.966 * exact_fit - 2.244 * global_tightness + 0.309 * slack_rank - 0.304 * bin_rank, -after - 0.5 * abs(mean_remaining)), -abs(after) - 1.2 * global_tightness) + 0.5 * (max(max(0.966 * exact_fit - 2.244 * global_tightness + 0.309 * slack_rank - 0.304 * bin_rank, -after - 0.5 * abs(mean_remaining)), max(max(-2.022 * global_tightness + 0.966 * exact_fit + -2.244 * global_tightness + -0.304 * bin_rank + 0.309 * slack_rank, -after), 0.5 * (0.907 * slack_rank + -0.319 * item + 0.341 * remaining + 0.921 * slack_rank - abs(after)) + 0.5 * (0.35 * mean_remaining + 2.112 * bin_rank + -0.713 * after + 1.979 * bin_rank + -0.377 * bin_rank - abs(after)))) + 0.2 * after - 0.1 * mean_remaining))",
      "avg_bins": 208.85,
      "avg_gap": 7.65,
      "avg_gap_ratio": 0.037988669306373415,
      "avg_gap_pct": 3.7988669306373417,
      "ff_avg_gap_ratio": 0.057382355686119456,
      "bf_avg_gap_ratio": 0.053679070394633474,
      "ff_avg_gap_pct": 5.7382355686119455,
      "bf_avg_gap_pct": 5.367907039463347,
      "delta_vs_bf_pp": 1.5690401088260053,
      "delta_vs_ff_pp": 1.9393686379746038,
      "rel_improve_vs_bf_pct": 29.230016415911496,
      "rel_improve_vs_ff_pct": 33.797299096309644,
      "instances": 20
    },
    {
      "source": "binpack4",
      "run_dir": "runs\\260325122756_or_parts_ds\\subruns\\260325130643_or_ds",
      "best_score": 0.03508428796079509,
      "best_score_pct": 3.508428796079509,
      "best_expression": "max(0.6 * (max(-2.1 * global_tightness + 0.95 * exact_fit - 0.35 * bin_rank + 0.25 * slack_rank, -after) + 0.15 * after - 0.08 * remaining), max(0.85 * exact_fit - 1.6 * mean_remaining, -after) + 0.25 * sqrt(abs(remaining - stdev_remaining)))",
      "avg_bins": 414.6,
      "avg_gap": 14.05,
      "avg_gap_ratio": 0.03508428796079509,
      "avg_gap_pct": 3.508428796079509,
      "ff_avg_gap_ratio": 0.05229809096300146,
      "bf_avg_gap_ratio": 0.049419333357386235,
      "ff_avg_gap_pct": 5.229809096300146,
      "bf_avg_gap_pct": 4.941933335738623,
      "delta_vs_bf_pp": 1.4335045396591144,
      "delta_vs_ff_pp": 1.7213803002206371,
      "rel_improve_vs_bf_pct": 29.00695825442296,
      "rel_improve_vs_ff_pct": 32.914782710490066,
      "instances": 20
    },
    {
      "source": "binpack5",
      "run_dir": "runs\\260325122756_or_parts_ds\\subruns\\260325134646_or_ds",
      "best_score": 0.06500000000000002,
      "best_score_pct": 6.500000000000002,
      "best_expression": "max(0.5 * (1.153 * global_tightness + 0.385 * slack_rank + 1.739 * exact_fit + -1.994 * mean_remaining + 2.2 * stdev_remaining + 0.697 * stdev_remaining) + 0.5 * (max(-2.022 * global_tightness + 0.966 * exact_fit + -2.244 * global_tightness + -0.304 * bin_rank + 0.309 * slack_rank, -after) - 2.0 * exact_fit) - 1.0 * fill, max(-2.03 * mean_remaining + -1.515 * bin_rank + 1.507 * after + 1.202 * global_tightness, -after) - 0.2 * after)",
      "avg_bins": 21.3,
      "avg_gap": 1.3,
      "avg_gap_ratio": 0.06500000000000002,
      "avg_gap_pct": 6.500000000000002,
      "ff_avg_gap_ratio": 0.08000000000000004,
      "bf_avg_gap_ratio": 0.08500000000000005,
      "ff_avg_gap_pct": 8.000000000000004,
      "bf_avg_gap_pct": 8.500000000000005,
      "delta_vs_bf_pp": 2.0000000000000036,
      "delta_vs_ff_pp": 1.5000000000000018,
      "rel_improve_vs_bf_pct": 23.52941176470591,
      "rel_improve_vs_ff_pct": 18.750000000000014,
      "instances": 20
    },
    {
      "source": "binpack6",
      "run_dir": "runs\\260325122756_or_parts_ds\\subruns\\260325135449_or_ds",
      "best_score": 0.05125000000000002,
      "best_score_pct": 5.125000000000002,
      "best_expression": "0.5 * (-abs(max(-1.847 * mean_remaining + 0.923 * stdev_remaining + 1.294 * exact_fit - 0.682 * fill, -after)) + 1.0 * exact_fit) + 0.5 * (max(-2.334 * mean_remaining + -0.621 * mean_remaining + -1.184 * exact_fit + 1.392 * after + 2.482 * exact_fit, -after) + 0.1 * exact_fit + 1.0 * exact_fit - 0.2 * after + 2.0 * exact_fit) - 0.1 * exact_fit",
      "avg_bins": 42.05,
      "avg_gap": 2.05,
      "avg_gap_ratio": 0.05125000000000002,
      "avg_gap_pct": 5.125000000000002,
      "ff_avg_gap_ratio": 0.07375,
      "bf_avg_gap_ratio": 0.07375,
      "ff_avg_gap_pct": 7.375,
      "bf_avg_gap_pct": 7.375,
      "delta_vs_bf_pp": 2.2499999999999982,
      "delta_vs_ff_pp": 2.2499999999999982,
      "rel_improve_vs_bf_pct": 30.508474576271162,
      "rel_improve_vs_ff_pct": 30.508474576271162,
      "instances": 20
    },
    {
      "source": "binpack7",
      "run_dir": "runs\\260325122756_or_parts_ds\\subruns\\260325140328_or_ds",
      "best_score": 0.04216867469879518,
      "best_score_pct": 4.216867469879518,