{
  "generation": 7,
  "best_score": 0.05125000000000002,
  "avg_score": 0.056406250000000005,
  "dedup_expr_hits": 125,
  "dedup_behavior_hits": 238,
  "timestamp": "2026-03-25T14:01:51"
}