{
  "generation": 1,
  "best_score": 0.05750000000000001,
  "avg_score": 0.06796875,
  "dedup_expr_hits": 54,
  "dedup_behavior_hits": 99,
  "timestamp": "2026-03-25T13:56:03"
}