{
  "generation": 5,
  "best_score": 0.05125000000000002,
  "avg_score": 0.058710937500000004,
  "dedup_expr_hits": 110,
  "dedup_behavior_hits": 193,
  "timestamp": "2026-03-25T13:59:30"
}