{
  "generation": 8,
  "best_score": 0.05125000000000002,
  "avg_score": 0.05570312500000001,
  "dedup_expr_hits": 144,
  "dedup_behavior_hits": 259,
  "timestamp": "2026-03-25T14:03:11"
}