{
  "generation": 3,
  "best_score": 0.053750000000000006,
  "avg_score": 0.063828125,
  "dedup_expr_hits": 79,
  "dedup_behavior_hits": 148,
  "timestamp": "2026-03-25T13:57:47"
}