{
  "generation": 4,
  "best_score": 0.053750000000000006,
  "avg_score": 0.0634765625,
  "dedup_expr_hits": 95,
  "dedup_behavior_hits": 169,
  "timestamp": "2026-03-25T13:58:40"
}