{
  "generation": 6,
  "best_score": 0.05125000000000002,
  "avg_score": 0.05382812500000001,
  "dedup_expr_hits": 119,
  "dedup_behavior_hits": 217,
  "timestamp": "2026-03-25T14:00:28"
}