{
  "generation": 2,
  "best_score": 0.053750000000000006,
  "avg_score": 0.06406250000000001,
  "dedup_expr_hits": 72,
  "dedup_behavior_hits": 129,
  "timestamp": "2026-03-25T13:56:57"
}