{
  "generation": 3,
  "best_score": 0.04934267119668685,
  "avg_score": 0.05490117649103882,
  "dedup_expr_hits": 74,
  "dedup_behavior_hits": 113,
  "timestamp": "2026-03-26T10:09:22"
}