{
  "generation": 6,
  "best_score": 0.049081810400223545,
  "avg_score": 0.05147927758146868,
  "dedup_expr_hits": 103,
  "dedup_behavior_hits": 174,
  "timestamp": "2026-03-26T10:48:05"
}