{
  "generation": 4,
  "best_score": 0.04913266425235868,
  "avg_score": 0.05820974526338826,
  "dedup_expr_hits": 77,
  "dedup_behavior_hits": 131,
  "timestamp": "2026-03-26T10:20:46"
}