{
  "generation": 8,
  "best_score": 0.04895192340395049,
  "avg_score": 0.05705424199664729,
  "dedup_expr_hits": 133,
  "dedup_behavior_hits": 216,
  "timestamp": "2026-03-26T11:10:26"
}