{
  "generation": 5,
  "best_score": 0.049081810400223545,
  "avg_score": 0.051513601595973214,
  "dedup_expr_hits": 79,
  "dedup_behavior_hits": 147,
  "timestamp": "2026-03-26T10:35:31"
}