{
  "generation": 7,
  "best_score": 0.04895192340395049,
  "avg_score": 0.052741156948615205,
  "dedup_expr_hits": 119,
  "dedup_behavior_hits": 193,
  "timestamp": "2026-03-26T10:58:38"
}