{
  "generation": 2,
  "best_score": 0.050477870556676664,
  "avg_score": 0.059495044090586105,
  "dedup_expr_hits": 61,
  "dedup_behavior_hits": 96,
  "timestamp": "2026-03-26T09:57:25"
}