{
  "generation": 4,
  "best_score": 0.050970210826805654,
  "avg_score": 0.06520034951689707,
  "dedup_expr_hits": 144,
  "dedup_behavior_hits": 260,
  "timestamp": "2026-03-25T12:31:31"
}