{
  "generation": 2,
  "best_score": 0.050970210826805654,
  "avg_score": 0.05899438896587064,
  "dedup_expr_hits": 114,
  "dedup_behavior_hits": 201,
  "timestamp": "2026-03-25T12:29:53"
}