{
  "generation": 3,
  "best_score": 0.050970210826805654,
  "avg_score": 0.0552400547645898,
  "dedup_expr_hits": 133,
  "dedup_behavior_hits": 237,
  "timestamp": "2026-03-25T12:30:41"
}