{
  "generation": 1,
  "best_score": 0.050970210826805654,
  "avg_score": 0.05703164182165343,
  "dedup_expr_hits": 86,
  "dedup_behavior_hits": 157,
  "timestamp": "2026-03-25T12:28:58"
}