{
  "generation": 5,
  "best_score": 0.050970210826805654,
  "avg_score": 0.05454500237595039,
  "dedup_expr_hits": 157,
  "dedup_behavior_hits": 290,
  "timestamp": "2026-03-25T12:32:39"
}