{
  "generation": 6,
  "best_score": 0.050970210826805654,
  "avg_score": 0.053885687876739335,
  "dedup_expr_hits": 186,
  "dedup_behavior_hits": 331,
  "timestamp": "2026-03-25T12:33:41"
}