{
  "generation": 7,
  "best_score": 0.050970210826805654,
  "avg_score": 0.053763911757219625,
  "dedup_expr_hits": 207,
  "dedup_behavior_hits": 363,
  "timestamp": "2026-03-25T12:34:44"
}