{
  "generation": 8,
  "best_score": 0.050970210826805654,
  "avg_score": 0.05927523323292529,
  "dedup_expr_hits": 222,
  "dedup_behavior_hits": 394,
  "timestamp": "2026-03-25T12:35:50"
}