{
  "generation": 8,
  "best_score": 0.03508428796079509,
  "avg_score": 0.04553168329432512,
  "dedup_expr_hits": 143,
  "dedup_behavior_hits": 242,
  "timestamp": "2026-03-25T13:46:01"
}