{
  "generation": 2,
  "best_score": 0.04243490117030228,
  "avg_score": 0.048053380151818696,
  "dedup_expr_hits": 85,
  "dedup_behavior_hits": 134,
  "timestamp": "2026-03-25T13:22:14"
}