{
  "generation": 3,
  "best_score": 0.040813145223744414,
  "avg_score": 0.053975686757379314,
  "dedup_expr_hits": 93,
  "dedup_behavior_hits": 156,
  "timestamp": "2026-03-25T13:26:01"
}