{
  "generation": 6,
  "best_score": 0.03644433467281655,
  "avg_score": 0.040265373486677046,
  "dedup_expr_hits": 122,
  "dedup_behavior_hits": 205,
  "timestamp": "2026-03-25T13:37:30"
}