{
  "generation": 4,
  "best_score": 0.03682715061066366,
  "avg_score": 0.05352594099231397,
  "dedup_expr_hits": 98,
  "dedup_behavior_hits": 174,
  "timestamp": "2026-03-25T13:29:47"
}