{
  "generation": 1,
  "best_score": 0.04243490117030228,
  "avg_score": 0.04876616404482284,
  "dedup_expr_hits": 78,
  "dedup_behavior_hits": 114,
  "timestamp": "2026-03-25T13:18:14"
}