{
  "generation": 7,
  "best_score": 0.03508428796079509,
  "avg_score": 0.039229765554364936,
  "dedup_expr_hits": 133,
  "dedup_behavior_hits": 224,
  "timestamp": "2026-03-25T13:41:44"
}