{
  "generation": 5,
  "best_score": 0.03682715061066366,
  "avg_score": 0.04311942134095071,
  "dedup_expr_hits": 109,
  "dedup_behavior_hits": 190,
  "timestamp": "2026-03-25T13:33:36"
}