{
  "generation": 1,
  "best_score": 0.056734923274296856,
  "avg_score": 0.07218865372035312,
  "dedup_expr_hits": 53,
  "dedup_behavior_hits": 64,
  "timestamp": "2026-03-26T02:01:16"
}