{
  "generation": 2,
  "best_score": 0.05600445910682929,
  "avg_score": 0.06572775489149423,
  "dedup_expr_hits": 75,
  "dedup_behavior_hits": 115,
  "timestamp": "2026-03-26T02:13:14"
}