{
  "generation": 3,
  "best_score": 0.05594209575922916,
  "avg_score": 0.06153736500025333,
  "dedup_expr_hits": 89,
  "dedup_behavior_hits": 130,
  "timestamp": "2026-03-26T02:22:34"
}