{
  "generation": 4,
  "best_score": 0.05587451572941202,
  "avg_score": 0.06133999729934715,
  "dedup_expr_hits": 105,
  "dedup_behavior_hits": 150,
  "timestamp": "2026-03-26T02:31:45"
}