{
  "generation": 8,
  "best_score": 0.05004228543037405,
  "avg_score": 0.052290641880667094,
  "dedup_expr_hits": 179,
  "dedup_behavior_hits": 233,
  "timestamp": "2026-03-26T03:09:39"
}