{
  "generation": 7,
  "best_score": 0.051571503597207434,
  "avg_score": 0.05629339596218633,
  "dedup_expr_hits": 161,
  "dedup_behavior_hits": 218,
  "timestamp": "2026-03-26T02:59:57"
}