{
  "generation": 5,
  "best_score": 0.05313085532549178,
  "avg_score": 0.05909739861432751,
  "dedup_expr_hits": 125,
  "dedup_behavior_hits": 171,
  "timestamp": "2026-03-26T02:40:27"
}