{
  "generation": 6,
  "best_score": 0.05191929989266296,
  "avg_score": 0.058417166971526165,
  "dedup_expr_hits": 147,
  "dedup_behavior_hits": 202,
  "timestamp": "2026-03-26T02:50:58"
}