{
  "generation": 8,
  "best_score": 0.048600301772587215,
  "avg_score": 0.05145910082727793,
  "dedup_expr_hits": 165,
  "dedup_behavior_hits": 223,
  "timestamp": "2026-03-26T10:47:26"
}