{
  "generation": 7,
  "best_score": 0.04861397426922792,
  "avg_score": 0.05270547919710532,
  "dedup_expr_hits": 155,
  "dedup_behavior_hits": 205,
  "timestamp": "2026-03-26T10:37:40"
}