{
  "generation": 3,
  "best_score": 0.050477870556676664,
  "avg_score": 0.06262940163519919,
  "dedup_expr_hits": 91,
  "dedup_behavior_hits": 118,
  "timestamp": "2026-03-26T10:02:56"
}