{
  "generation": 4,
  "best_score": 0.04929902510752856,
  "avg_score": 0.0601140634104662,
  "dedup_expr_hits": 107,
  "dedup_behavior_hits": 141,
  "timestamp": "2026-03-26T10:11:46"
}