{
  "generation": 2,
  "best_score": 0.050477870556676664,
  "avg_score": 0.057702941445926914,
  "dedup_expr_hits": 72,
  "dedup_behavior_hits": 97,
  "timestamp": "2026-03-26T09:53:50"
}