{
  "generation": 6,
  "best_score": 0.04929902510752856,
  "avg_score": 0.051037850161016134,
  "dedup_expr_hits": 128,
  "dedup_behavior_hits": 187,
  "timestamp": "2026-03-26T10:29:31"
}