{
  "generation": 1,
  "best_score": 0.050477870556676664,
  "avg_score": 0.06346153515590286,
  "dedup_expr_hits": 44,
  "dedup_behavior_hits": 67,
  "timestamp": "2026-03-26T09:43:05"
}