{
  "generation": 5,
  "best_score": 0.04929902510752856,
  "avg_score": 0.05399843693227419,
  "dedup_expr_hits": 115,
  "dedup_behavior_hits": 161,
  "timestamp": "2026-03-26T10:20:16"
}