{
  "generation": 4,
  "timestamp": "2026-03-26T10:11:46",
  "island_count": 2,
  "population_size": 16,
  "islands": [
    {
      "island": 0,
      "size": 16,
      "candidates": [
        {
          "expr": "0.5 * (0.5 * max(-1.733 * global_tightness + -0.726 * remaining + 0.546 * bin_rank + 1.859 * after + -0.581 * stdev_remaining, -after) + 0.5 * -abs(max(-1.733 * global_tightness + -0.726 * remaining + 0.546 * bin_rank + 1.859 * after + -0.581 * stdev_remaining, -after))) + 0.5 * (0.5 * -abs(max(-1.733 * global_tightness + -0.726 * remaining + 0.546 * bin_rank + 1.859 * after + -0.581 * stdev_remaining, -after) - 1.0 * fill) + 0.5 * -abs(max(-1.733 * global_tightness + -0.726 * remaining + 0.546 * bin_rank + 1.859 * after + -0.581 * stdev_remaining, -after) - 0.5 * after))",
          "score": 0.04929902510752856,
          "novelty": 1.0,
          "stability": 0.9999632908217727,
          "behavior_signature": "bde24e0cf449ec1dd9cc891811be5075dd9e6852d2e6a79b5927a2416140a207"
        },
        {
          "expr": "0.5 * -abs(max(-1.733 * global_tightness + -0.726 * remaining + 0.546 * bin_rank + 1.859 * after + -0.581 * stdev_remaining, -after)) + 0.5 * (0.5 * max(-1.733 * global_tightness + -0.726 * remaining + 0.546 * bin_rank + 1.859 * after + -0.581 * stdev_remaining, -after) + 0.5 * -abs(max(-1.733 * global_tightness + -0.726 * remaining + 0.546 * bin_rank + 1.859 * after + -0.581 * stdev_remaining, -after)))",
          "score": 0.05005559660701327,
          "novelty": 1.0,
          "stability": 0.9999313295662517,
          "behavior_signature": "464fd75a5bfeb9be2d9e506095481f962c4e70617f014512e53362b4559a56d0"
        },
        {
          "expr": "0.5 * -abs(max(max(-1.733 * global_tightness + -0.726 * remaining + 0.546 * bin_rank + 1.859 * after + -0.581 * stdev_remaining, -after) - 0.5 * after, max(-1.733 * global_tightness + -0.726 * remaining + 0.546 * bin_rank + 1.859 * after + -0.581 * stdev_remaining, -after) - 1.0 * fill)) + 0.5 * (0.5 * -abs(max(-1.733 * global_tightness + -0.726 * remaining + 0.546 * bin_rank + 1.859 * after + -0.581 * stdev_remaining, -after) - 1.0 * fill) + 0.5 * -abs(max(-1.733 * global_tightness + -0.726 * remaining + 0.546 * bin_rank + 1.859 * after + -0.581 * stdev_remaining, -after) - 0.5 * after))",
          "score": 0.05023149492626218,
          "novelty": 1.0,
          "stability": 1.0,
          "behavior_signature": "8939304c80e3d2cb69aee828afbd52923d9df04b6a2421b21b934176da9d5736"
        },
        {
          "expr": "-abs(max(-1.733 * global_tightness + -0.726 * remaining + 0.546 * bin_rank + 1.859 * after + -0.581 * stdev_remaining, -after))",
          "score": 0.0505531011853293,
          "novelty": 1.0,
          "stability": 0.9908552665076013,
          "behavior_signature": "6f89087925c21e49899ba1b66bffa8a41f358ff477a23fd893e26acea6a9625e"
        },
        {
          "expr": "max(-abs(max(max(-1.733 * global_tightness + -0.726 * remaining + 0.546 * bin_rank + 1.859 * after + -0.581 * stdev_remaining, -after) - 0.5 * after, max(-1.733 * global_tightness + -0.726 * remaining + 0.546 * bin_rank + 1.859 * after + -0.581 * stdev_remaining, -after) - 1.0 * fill)), 0.5 * -abs(max(-1.733 * global_tightness + -0.726 * remaining + 0.546 * bin_rank + 1.859 * after + -0.581 * stdev_remaining, -after) - 1.0 * fill) + 0.5 * -abs(max(-1.733 * global_tightness + -0.726 * remaining + 0.546 * bin_rank + 1.859 * after + -0.581 * stdev_remaining, -after) - 0.5 * after))",
          "score": 0.05066041971806083,
          "novelty": 1.0,
          "stability": 0.9999999620159289,
          "behavior_signature": "258138095b6408afac6548ce22616e1a08337e1a0c25766d2463637cd45c2a32"
        },
        {
          "expr": "max(-abs(-abs(max(-1.733 * global_tightness + -0.726 * remaining + 0.546 * bin_rank + 1.859 * after + -0.581 * stdev_remaining, -after) - 1.0 * fill)), -abs(after))",
          "score": 0.050697069732688116,
          "novelty": 1.0,
          "stability": 0.9999910905463504,
          "behavior_signature": "c4a860e05b62bfebe26744d3b78623a2b6b731cb5f3518c5313e6f171ee9948a"
        },
        {
          "expr": "-abs(max(max(-1.733 * global_tightness + -0.726 * remaining + 0.546 * bin_rank + 1.859 * after + -0.581 * stdev_remaining, -after) - 0.5 * after, max(-1.733 * global_tightness + -0.726 * remaining + 0.546 * bin_rank + 1.859 * after + -0.581 * stdev_remaining, -after) - 1.0 * fill)) + 0.5 * fill",
          "score": 0.05088437622661472,
          "novelty": 1.0,
          "stability": 0.9999536674640741,
          "behavior_signature": "36dd7e471d3c4c19abd88d74cb6cdb43a4b4af0945e6d5c9fca3d92088908f4b"
        },
        {
          "expr": "0.5 * -abs(max(-1.733 * global_tightness + -0.726 * remaining + 0.546 * bin_rank + 1.859 * after + -0.581 * stdev_remaining, -after) - 1.0 * fill) + 0.5 * -abs(max(-1.733 * global_tightness + -0.726 * remaining + 0.546 * bin_rank + 1.859 * after + -0.581 * stdev_remaining, -after) - 0.5 * after)",
          "score": 0.050998739224732005,
          "novelty": 1.0,
          "stability": 0.9998100971138297,
          "behavior_signature": "5c4819c4b31e7f70b5958f7cc85998153c22e1960e11cfa469d153a91c1b7795"
        },
        {
          "expr": "-abs(max(max(-1.733 * global_tightness + -0.726 * remaining + 0.546 * bin_rank + 1.859 * after + -0.581 * stdev_remaining, -after) - 0.5 * after, max(-1.733 * global_tightness + -0.726 * remaining + 0.546 * bin_rank + 1.859 * after + -0.581 * stdev_remaining, -after) - 1.0 * fill)) + 2.0 * item",
          "score": 0.051026850375263166,
          "novelty": 0.5,
          "stability": 0.9997695888406135,
          "behavior_signature": "7c9e1ab918f3f54471972baced714900e8d58fb6812472c935ea5d61811b8005"
        },
        {
          "expr": "-abs(max(-1.733 * global_tightness + -0.726 * remaining + 0.546 * bin_rank + 1.859 * after + -0.581 * stdev_remaining, -after)) - 0.5 * exact_fit + 0.1 * stdev_remaining",
          "score": 0.05111725567945624,
          "novelty": 0.5,
          "stability": 0.999745472699682,
          "behavior_signature": "f7f49bae402475378cc7bdfbf7c68ffbe2213f85158852497fc1c8e421ab3f99"
        },
        {
          "expr": "0.5 * -abs(max(-1.733 * global_tightness + -0.726 * remaining + 0.546 * bin_rank + 1.859 * after + -0.581 * stdev_remaining, -after) + 1.0 * exact_fit) + 0.5 * -abs(-abs(max(-1.733 * global_tightness + -0.726 * remaining + 0.546 * bin_rank + 1.859 * after + -0.581 * stdev_remaining, -after) - 1.0 * fill))",
          "score": 0.05115170275174711,
          "novelty": 1.0,
          "stability": 1.0,
          "behavior_signature": "3ce7c794aa7106173c0fd2f7c490e6b3147b40ed8fad3077e2b8b93365cb75b3"
        },
        {
          "expr": "max(0.5 * max(-1.733 * global_tightness + -0.726 * remaining + 0.546 * bin_rank + 1.859 * after + -0.581 * stdev_remaining, -after) + 0.5 * -abs(max(-1.733 * global_tightness + -0.726 * remaining + 0.546 * bin_rank + 1.859 * after + -0.581 * stdev_remaining, -after)), -abs(after))",
          "score": 0.05116698482742081,
          "novelty": 0.3333333333333333,
          "stability": 0.9907129099717036,
          "behavior_signature": "7b6d7dbd8598eeef00437fb3bb6ac7119abf09ca072d41f96a75e765ce174c9b"
        },
        {
          "expr": "-abs(-abs(max(-1.733 * global_tightness + -0.726 * remaining + 0.546 * bin_rank + 1.859 * after + -0.581 * stdev_remaining, -after) + 1.0 * exact_fit))",
          "score": 0.05170742846802947,
          "novelty": 0.5,
          "stability": 0.999930569609821,