{
  "generation": 4,
  "best_score": 0.054215404223387734,
  "avg_score": 0.061782963412154605,
  "dedup_expr_hits": 98,
  "dedup_behavior_hits": 171,
  "timestamp": "2026-03-26T12:08:45"
}