{
  "generation": 1,
  "best_score": 0.0561160063008808,
  "avg_score": 0.06491298667706892,
  "dedup_expr_hits": 39,
  "dedup_behavior_hits": 87,
  "timestamp": "2026-03-26T11:43:04"
}