{
  "generation": 6,
  "best_score": 0.0496409452542542,
  "avg_score": 0.05626683036737497,
  "dedup_expr_hits": 128,
  "dedup_behavior_hits": 213,
  "timestamp": "2026-03-26T12:24:30"
}