{
  "generation": 3,
  "best_score": 0.054249240078240814,
  "avg_score": 0.06494231901612336,
  "dedup_expr_hits": 88,
  "dedup_behavior_hits": 147,
  "timestamp": "2026-03-26T12:01:13"
}