{
  "generation": 2,
  "best_score": 0.054249240078240814,
  "avg_score": 0.06206062321571945,
  "dedup_expr_hits": 65,
  "dedup_behavior_hits": 118,
  "timestamp": "2026-03-26T11:52:20"
}