{
  "generation": 8,
  "best_score": 0.04883246145307278,
  "avg_score": 0.05493571529447104,
  "dedup_expr_hits": 162,
  "dedup_behavior_hits": 245,
  "timestamp": "2026-03-26T12:40:59"
}