{
  "generation": 5,
  "best_score": 0.05038096428951211,
  "avg_score": 0.060859934023595776,
  "dedup_expr_hits": 115,
  "dedup_behavior_hits": 192,
  "timestamp": "2026-03-26T12:16:37"
}