{
  "generation": 7,
  "best_score": 0.04883246145307278,
  "avg_score": 0.055577427630643876,
  "dedup_expr_hits": 143,
  "dedup_behavior_hits": 230,
  "timestamp": "2026-03-26T12:32:45"
}