{
  "generation": 1,
  "best_score": 0.06128968820645024,
  "avg_score": 0.07086860679812935,
  "dedup_expr_hits": 57,
  "dedup_behavior_hits": 74,
  "timestamp": "2026-03-26T02:04:22"
}