{
  "generation": 2,
  "best_score": 0.06128968820645024,
  "avg_score": 0.06600338510963914,
  "dedup_expr_hits": 78,
  "dedup_behavior_hits": 110,
  "timestamp": "2026-03-26T02:18:22"
}