{
  "generation": 7,
  "best_score": 0.05785030146534627,
  "avg_score": 0.06220098792214516,
  "dedup_expr_hits": 185,
  "dedup_behavior_hits": 232,
  "timestamp": "2026-03-26T03:19:10"
}