{
  "generation": 8,
  "best_score": 0.0560604501737091,
  "avg_score": 0.06388188901755534,
  "dedup_expr_hits": 192,
  "dedup_behavior_hits": 251,
  "timestamp": "2026-03-26T03:31:42"
}