{
  "generation": 4,
  "best_score": 0.06128968820645024,
  "avg_score": 0.06389185381875664,
  "dedup_expr_hits": 122,
  "dedup_behavior_hits": 160,
  "timestamp": "2026-03-26T02:43:36"
}