{
  "generation": 3,
  "best_score": 0.06128968820645024,
  "avg_score": 0.06583881612630763,
  "dedup_expr_hits": 101,
  "dedup_behavior_hits": 136,
  "timestamp": "2026-03-26T02:29:32"
}