{
  "generation": 5,
  "best_score": 0.06128968820645024,
  "avg_score": 0.0630322968464533,
  "dedup_expr_hits": 142,
  "dedup_behavior_hits": 181,
  "timestamp": "2026-03-26T02:55:28"
}