{
  "generation": 6,
  "best_score": 0.06040486701154857,
  "avg_score": 0.062003030051644856,
  "dedup_expr_hits": 169,
  "dedup_behavior_hits": 212,
  "timestamp": "2026-03-26T03:07:31"
}