{
  "generation": 5,
  "best_score": 0.05967799864771456,
  "avg_score": 0.06247351274991361,
  "dedup_expr_hits": 120,
  "dedup_behavior_hits": 205,
  "timestamp": "2026-03-25T21:56:15"
}