{
  "generation": 6,
  "best_score": 0.05967799864771456,
  "avg_score": 0.06204706405699693,
  "dedup_expr_hits": 134,
  "dedup_behavior_hits": 228,
  "timestamp": "2026-03-25T22:04:29"
}