{
  "generation": 1,
  "best_score": 0.062393589823497984,
  "avg_score": 0.06549955550594512,
  "dedup_expr_hits": 37,
  "dedup_behavior_hits": 83,
  "timestamp": "2026-03-25T21:18:21"
}