{
  "generation": 4,
  "best_score": 0.062353108363770296,
  "avg_score": 0.06528256912062441,
  "dedup_expr_hits": 98,
  "dedup_behavior_hits": 177,
  "timestamp": "2026-03-25T21:47:34"
}