{
  "generation": 2,
  "best_score": 0.062393589823497984,
  "avg_score": 0.06314144261227035,
  "dedup_expr_hits": 70,
  "dedup_behavior_hits": 123,
  "timestamp": "2026-03-25T21:29:43"
}