{
  "generation": 7,
  "best_score": 0.05883223436657896,
  "avg_score": 0.06464228255233162,
  "dedup_expr_hits": 144,
  "dedup_behavior_hits": 250,
  "timestamp": "2026-03-25T22:13:17"
}