{
  "generation": 8,
  "best_score": 0.05862466296097472,
  "avg_score": 0.06304898989598355,
  "dedup_expr_hits": 159,
  "dedup_behavior_hits": 275,
  "timestamp": "2026-03-25T22:22:09"
}