{
  "generation": 3,
  "best_score": 0.062393589823497984,
  "avg_score": 0.0669183514911149,
  "dedup_expr_hits": 79,
  "dedup_behavior_hits": 153,
  "timestamp": "2026-03-25T21:39:03"
}