{
  "generation": 2,
  "best_score": 0.05435561604279428,
  "avg_score": 0.05905915890084279,
  "dedup_expr_hits": 71,
  "dedup_behavior_hits": 92,
  "timestamp": "2026-03-26T04:52:27"
}