{
  "generation": 7,
  "best_score": 0.050583718611879866,
  "avg_score": 0.0581801047422348,
  "dedup_expr_hits": 137,
  "dedup_behavior_hits": 190,
  "timestamp": "2026-03-26T05:31:20"
}