{
  "generation": 1,
  "best_score": 0.05590890315597068,
  "avg_score": 0.06244866913304254,
  "dedup_expr_hits": 50,
  "dedup_behavior_hits": 72,
  "timestamp": "2026-03-26T04:43:58"
}