{
  "generation": 5,
  "best_score": 0.05071007462453351,
  "avg_score": 0.05304830692601206,
  "dedup_expr_hits": 110,
  "dedup_behavior_hits": 143,
  "timestamp": "2026-03-26T05:15:41"
}