{
  "generation": 6,
  "best_score": 0.050678730785842285,
  "avg_score": 0.05184809309160517,
  "dedup_expr_hits": 126,
  "dedup_behavior_hits": 165,
  "timestamp": "2026-03-26T05:23:38"
}