{
  "generation": 4,
  "best_score": 0.05071007462453351,
  "avg_score": 0.057413998610293955,
  "dedup_expr_hits": 94,
  "dedup_behavior_hits": 128,
  "timestamp": "2026-03-26T05:08:05"
}