{
  "generation": 3,
  "best_score": 0.05204415167032629,
  "avg_score": 0.062452055004182425,
  "dedup_expr_hits": 89,
  "dedup_behavior_hits": 115,
  "timestamp": "2026-03-26T05:00:31"
}