{
  "generation": 8,
  "best_score": 0.04978065795430629,
  "avg_score": 0.05215788547819843,
  "dedup_expr_hits": 147,
  "dedup_behavior_hits": 210,
  "timestamp": "2026-03-26T05:39:06"
}