{
  "generation": 7,
  "best_score": 0.04872392578277775,
  "avg_score": 0.05923746171269246,
  "dedup_expr_hits": 171,
  "dedup_behavior_hits": 309,
  "timestamp": "2026-03-26T05:09:12"
}