{
  "generation": 3,
  "best_score": 0.062393589823497984,
  "avg_score": 0.0659186342773176,
  "dedup_expr_hits": 108,
  "dedup_behavior_hits": 192,
  "timestamp": "2026-03-26T04:25:52"
}