{
  "generation": 4,
  "best_score": 0.062344978627177375,
  "avg_score": 0.07258948735812087,
  "dedup_expr_hits": 128,
  "dedup_behavior_hits": 226,
  "timestamp": "2026-03-26T04:39:13"
}