{
  "generation": 8,
  "best_score": 0.04872392578277775,
  "avg_score": 0.05449196051960202,
  "dedup_expr_hits": 181,
  "dedup_behavior_hits": 334,
  "timestamp": "2026-03-26T05:20:08"
}