{
  "generation": 5,
  "best_score": 0.05176884154091321,
  "avg_score": 0.06215072384981673,
  "dedup_expr_hits": 143,
  "dedup_behavior_hits": 252,
  "timestamp": "2026-03-26T04:48:36"
}