{
  "generation": 6,
  "best_score": 0.05176884154091321,
  "avg_score": 0.06077734302013281,
  "dedup_expr_hits": 151,
  "dedup_behavior_hits": 281,
  "timestamp": "2026-03-26T04:58:34"
}