{
  "generation": 1,
  "best_score": 0.062393589823497984,
  "avg_score": 0.06562625782565398,
  "dedup_expr_hits": 55,
  "dedup_behavior_hits": 97,
  "timestamp": "2026-03-26T03:57:21"
}