{
  "generation": 2,
  "best_score": 0.062393589823497984,
  "avg_score": 0.0630601204083879,
  "dedup_expr_hits": 93,
  "dedup_behavior_hits": 159,
  "timestamp": "2026-03-26T04:14:28"
}