{
  "generation": 6,
  "best_score": 0.06500000000000002,
  "avg_score": 0.06835937500000003,
  "dedup_expr_hits": 126,
  "dedup_behavior_hits": 245,
  "timestamp": "2026-03-25T13:51:57"
}