{
  "generation": 4,
  "best_score": 0.06500000000000002,
  "avg_score": 0.07562500000000003,
  "dedup_expr_hits": 108,
  "dedup_behavior_hits": 202,
  "timestamp": "2026-03-25T13:49:58"
}