{
  "generation": 1,
  "best_score": 0.07250000000000002,
  "avg_score": 0.08093750000000004,
  "dedup_expr_hits": 71,
  "dedup_behavior_hits": 130,
  "timestamp": "2026-03-25T13:47:35"
}