{
  "generation": 5,
  "best_score": 0.06500000000000002,
  "avg_score": 0.06992187500000002,
  "dedup_expr_hits": 115,
  "dedup_behavior_hits": 223,
  "timestamp": "2026-03-25T13:50:59"
}