{
  "generation": 3,
  "best_score": 0.06500000000000002,
  "avg_score": 0.07906250000000004,
  "dedup_expr_hits": 103,
  "dedup_behavior_hits": 184,
  "timestamp": "2026-03-25T13:49:05"
}