{
  "generation": 2,
  "best_score": 0.07250000000000002,
  "avg_score": 0.07992187500000003,
  "dedup_expr_hits": 88,
  "dedup_behavior_hits": 159,
  "timestamp": "2026-03-25T13:48:16"
}