{
  "generation": 7,
  "best_score": 0.06500000000000002,
  "avg_score": 0.06953125000000002,
  "dedup_expr_hits": 136,
  "dedup_behavior_hits": 266,
  "timestamp": "2026-03-25T13:53:23"
}