{
  "generation": 8,
  "best_score": 0.06500000000000002,
  "avg_score": 0.06726562500000002,
  "dedup_expr_hits": 149,
  "dedup_behavior_hits": 285,
  "timestamp": "2026-03-25T13:54:33"
}