{
  "generation": 3,
  "best_score": 0.0525513377617402,
  "avg_score": 0.06176117898763106,
  "dedup_expr_hits": 77,
  "dedup_behavior_hits": 122,
  "timestamp": "2026-03-26T02:45:23"
}