{
  "generation": 2,
  "best_score": 0.06036633941689197,
  "avg_score": 0.0636817686536862,
  "dedup_expr_hits": 64,
  "dedup_behavior_hits": 107,
  "timestamp": "2026-03-26T02:31:31"
}