{
  "generation": 1,
  "best_score": 0.06036633941689197,
  "avg_score": 0.07183279189363301,
  "dedup_expr_hits": 52,
  "dedup_behavior_hits": 67,
  "timestamp": "2026-03-26T02:18:33"
}