{
  "generation": 4,
  "best_score": 0.05130008294956714,
  "avg_score": 0.05975052564023128,
  "dedup_expr_hits": 91,
  "dedup_behavior_hits": 142,
  "timestamp": "2026-03-26T02:56:06"
}