{
  "generation": 7,
  "best_score": 0.04987495918189923,
  "avg_score": 0.05702711597850574,
  "dedup_expr_hits": 123,
  "dedup_behavior_hits": 212,
  "timestamp": "2026-03-26T03:32:45"
}