{
  "generation": 5,
  "best_score": 0.05006967129000721,
  "avg_score": 0.057554382402530406,
  "dedup_expr_hits": 102,
  "dedup_behavior_hits": 160,
  "timestamp": "2026-03-26T03:08:11"
}