{
  "generation": 8,
  "best_score": 0.04987495918189923,
  "avg_score": 0.05458024717512592,
  "dedup_expr_hits": 139,
  "dedup_behavior_hits": 230,
  "timestamp": "2026-03-26T03:44:07"
}