{
  "generation": 6,
  "best_score": 0.05006967129000721,
  "avg_score": 0.05682229380390351,
  "dedup_expr_hits": 114,
  "dedup_behavior_hits": 185,
  "timestamp": "2026-03-26T03:21:00"
}