{
  "generation": 1,
  "best_score": 0.06249555412852886,
  "avg_score": 0.06922294259272871,
  "dedup_expr_hits": 52,
  "dedup_behavior_hits": 95,
  "timestamp": "2026-03-25T12:20:53"
}