{
  "generation": 5,
  "best_score": 0.062150599108776704,
  "avg_score": 0.06306449906964595,
  "dedup_expr_hits": 121,
  "dedup_behavior_hits": 227,
  "timestamp": "2026-03-25T12:53:44"
}