{
  "generation": 3,
  "best_score": 0.06249555412852886,
  "avg_score": 0.06944818856548801,
  "dedup_expr_hits": 84,
  "dedup_behavior_hits": 167,
  "timestamp": "2026-03-25T12:38:11"
}