{
  "generation": 8,
  "best_score": 0.052274778419096224,
  "avg_score": 0.056130609948477586,
  "dedup_expr_hits": 175,
  "dedup_behavior_hits": 297,
  "timestamp": "2026-03-25T13:16:40"
}