{
  "generation": 7,
  "best_score": 0.052464026590838,
  "avg_score": 0.060991081272821594,
  "dedup_expr_hits": 160,
  "dedup_behavior_hits": 282,
  "timestamp": "2026-03-25T13:09:08"
}