{
  "generation": 2,
  "best_score": 0.06249555412852886,
  "avg_score": 0.06668651288653625,
  "dedup_expr_hits": 70,
  "dedup_behavior_hits": 131,
  "timestamp": "2026-03-25T12:29:51"
}