{
  "generation": 6,
  "best_score": 0.052510678998224515,
  "avg_score": 0.06174387349637429,
  "dedup_expr_hits": 139,
  "dedup_behavior_hits": 256,
  "timestamp": "2026-03-25T13:01:49"
}