{
  "generation": 4,
  "best_score": 0.06228714129806506,
  "avg_score": 0.07156928820825242,
  "dedup_expr_hits": 97,
  "dedup_behavior_hits": 197,
  "timestamp": "2026-03-25T12:45:48"
}