{
  "generation": 6,
  "best_score": 0.060483124832167764,
  "avg_score": 0.06194478822788561,
  "dedup_expr_hits": 147,
  "dedup_behavior_hits": 298,
  "timestamp": "2026-03-25T19:15:14"
}