{
  "generation": 1,
  "best_score": 0.06249555412852886,
  "avg_score": 0.06996172265712257,
  "dedup_expr_hits": 58,
  "dedup_behavior_hits": 102,
  "timestamp": "2026-03-25T18:24:16"
}