{
  "generation": 2,
  "best_score": 0.06249555412852886,
  "avg_score": 0.06755949908567563,
  "dedup_expr_hits": 78,
  "dedup_behavior_hits": 151,
  "timestamp": "2026-03-25T18:36:29"
}