{
  "generation": 4,
  "best_score": 0.061116570869658694,
  "avg_score": 0.07192908519001326,
  "dedup_expr_hits": 121,
  "dedup_behavior_hits": 224,
  "timestamp": "2026-03-25T18:56:36"
}