{
  "generation": 3,
  "best_score": 0.062356489013231375,
  "avg_score": 0.06725343005072687,
  "dedup_expr_hits": 106,
  "dedup_behavior_hits": 194,
  "timestamp": "2026-03-25T18:47:04"
}