{
  "generation": 7,
  "best_score": 0.05878253449097696,
  "avg_score": 0.06216991622746974,
  "dedup_expr_hits": 163,
  "dedup_behavior_hits": 325,
  "timestamp": "2026-03-25T19:22:53"
}