{
  "generation": 5,
  "best_score": 0.061116570869658694,
  "avg_score": 0.06238586054101715,
  "dedup_expr_hits": 139,
  "dedup_behavior_hits": 264,
  "timestamp": "2026-03-25T19:06:46"
}