{
  "generation": 8,
  "best_score": 0.05749375576951232,
  "avg_score": 0.06058682501532965,
  "dedup_expr_hits": 173,
  "dedup_behavior_hits": 344,
  "timestamp": "2026-03-25T19:30:01"
}