{
  "generation": 5,
  "best_score": 0.06250000000000001,
  "avg_score": 0.06718750000000002,
  "dedup_expr_hits": 147,
  "dedup_behavior_hits": 214,
  "timestamp": "2026-03-25T13:53:09"
}