{
  "generation": 1,
  "best_score": 0.06250000000000001,
  "avg_score": 0.07960937500000004,
  "dedup_expr_hits": 81,
  "dedup_behavior_hits": 111,
  "timestamp": "2026-03-25T13:49:59"
}