{
  "generation": 3,
  "best_score": 0.06250000000000001,
  "avg_score": 0.06835937500000001,
  "dedup_expr_hits": 116,
  "dedup_behavior_hits": 160,
  "timestamp": "2026-03-25T13:51:30"
}