{
  "generation": 7,
  "best_score": 0.06250000000000001,
  "avg_score": 0.06507812500000001,
  "dedup_expr_hits": 184,
  "dedup_behavior_hits": 266,
  "timestamp": "2026-03-25T13:55:06"
}