{
  "generation": 4,
  "best_score": 0.06250000000000001,
  "avg_score": 0.06937500000000002,
  "dedup_expr_hits": 132,
  "dedup_behavior_hits": 191,
  "timestamp": "2026-03-25T13:52:11"
}