{
  "generation": 6,
  "best_score": 0.06250000000000001,
  "avg_score": 0.06476562500000002,
  "dedup_expr_hits": 163,
  "dedup_behavior_hits": 241,
  "timestamp": "2026-03-25T13:54:06"
}