{
  "generation": 2,
  "best_score": 0.06250000000000001,
  "avg_score": 0.07203125000000002,
  "dedup_expr_hits": 101,
  "dedup_behavior_hits": 146,
  "timestamp": "2026-03-25T13:50:47"
}