{
  "generation": 8,
  "best_score": 0.06250000000000001,
  "avg_score": 0.06671875000000002,
  "dedup_expr_hits": 194,
  "dedup_behavior_hits": 285,
  "timestamp": "2026-03-25T13:56:00"
}