{
  "generation": 1,
  "best_score": 0.05308710867121082,
  "avg_score": 0.06533574421817025,
  "dedup_expr_hits": 79,
  "dedup_behavior_hits": 151,
  "timestamp": "2026-03-25T12:37:32"
}