{
  "generation": 7,
  "best_score": 0.05211184744004631,
  "avg_score": 0.05565821892730994,
  "dedup_expr_hits": 183,
  "dedup_behavior_hits": 296,
  "timestamp": "2026-03-25T12:46:56"
}