{
  "generation": 4,
  "best_score": 0.05308710867121082,
  "avg_score": 0.06886519819777748,
  "dedup_expr_hits": 133,
  "dedup_behavior_hits": 220,
  "timestamp": "2026-03-25T12:41:23"
}