{
  "generation": 6,
  "best_score": 0.05213070646880633,
  "avg_score": 0.05519482508791773,
  "dedup_expr_hits": 161,
  "dedup_behavior_hits": 271,
  "timestamp": "2026-03-25T12:44:35"
}