{
  "generation": 5,
  "best_score": 0.05308710867121082,
  "avg_score": 0.056395211555139046,
  "dedup_expr_hits": 141,
  "dedup_behavior_hits": 241,
  "timestamp": "2026-03-25T12:42:44"
}