{
  "generation": 2,
  "best_score": 0.05308710867121082,
  "avg_score": 0.05938472503005027,
  "dedup_expr_hits": 99,
  "dedup_behavior_hits": 179,
  "timestamp": "2026-03-25T12:38:33"
}