{
  "generation": 8,
  "best_score": 0.0515908755229158,
  "avg_score": 0.05428716967379519,
  "dedup_expr_hits": 194,
  "dedup_behavior_hits": 311,
  "timestamp": "2026-03-25T12:48:56"
}