{
  "generation": 3,
  "best_score": 0.05308710867121082,
  "avg_score": 0.06818838851976183,
  "dedup_expr_hits": 113,
  "dedup_behavior_hits": 201,
  "timestamp": "2026-03-25T12:39:42"
}