{
  "generation": 8,
  "best_score": 0.0533628652548517,
  "avg_score": 0.0619084942715841,
  "dedup_expr_hits": 194,
  "dedup_behavior_hits": 287,
  "timestamp": "2026-03-26T12:52:18"
}