{
  "generation": 1,
  "best_score": 0.062028012118650666,
  "avg_score": 0.06345175012042174,
  "dedup_expr_hits": 49,
  "dedup_behavior_hits": 83,
  "timestamp": "2026-03-26T11:44:52"
}