{
  "generation": 4,
  "best_score": 0.05444740898256826,
  "avg_score": 0.0642900612897533,
  "dedup_expr_hits": 111,
  "dedup_behavior_hits": 184,
  "timestamp": "2026-03-26T12:15:21"
}