{
  "generation": 6,
  "best_score": 0.05336531997068723,
  "avg_score": 0.05855081276036274,
  "dedup_expr_hits": 145,
  "dedup_behavior_hits": 237,
  "timestamp": "2026-03-26T12:33:45"
}