{
  "generation": 2,
  "best_score": 0.05579005026797455,
  "avg_score": 0.062318705919240075,
  "dedup_expr_hits": 68,
  "dedup_behavior_hits": 122,
  "timestamp": "2026-03-26T11:56:12"
}