{
  "generation": 3,
  "best_score": 0.05478380558775634,
  "avg_score": 0.06422215444252943,
  "dedup_expr_hits": 78,
  "dedup_behavior_hits": 149,
  "timestamp": "2026-03-26T12:05:35"
}