{
  "generation": 7,
  "best_score": 0.05336531997068723,
  "avg_score": 0.05843595483790331,
  "dedup_expr_hits": 170,
  "dedup_behavior_hits": 263,
  "timestamp": "2026-03-26T12:42:45"
}