{
  "generation": 5,
  "best_score": 0.05336531997068723,
  "avg_score": 0.05894561411633737,
  "dedup_expr_hits": 128,
  "dedup_behavior_hits": 206,
  "timestamp": "2026-03-26T12:24:33"
}