{
  "generation": 7,
  "best_score": 0.05180937193921137,
  "avg_score": 0.061506069457177376,
  "dedup_expr_hits": 185,
  "dedup_behavior_hits": 300,
  "timestamp": "2026-03-26T04:13:56"
}