{
  "generation": 5,
  "best_score": 0.05341116519553172,
  "avg_score": 0.061869694257342234,
  "dedup_expr_hits": 151,
  "dedup_behavior_hits": 250,
  "timestamp": "2026-03-26T03:58:00"
}