{
  "generation": 8,
  "best_score": 0.051207592358984234,
  "avg_score": 0.05874227165317312,
  "dedup_expr_hits": 191,
  "dedup_behavior_hits": 327,
  "timestamp": "2026-03-26T04:21:57"
}