{
  "generation": 1,
  "best_score": 0.062393589823497984,
  "avg_score": 0.06587777374288888,
  "dedup_expr_hits": 43,
  "dedup_behavior_hits": 86,
  "timestamp": "2026-03-26T03:21:45"
}