{
  "generation": 2,
  "best_score": 0.062393589823497984,
  "avg_score": 0.06254079556455144,
  "dedup_expr_hits": 99,
  "dedup_behavior_hits": 157,
  "timestamp": "2026-03-26T03:33:25"
}