{
  "generation": 3,
  "best_score": 0.062393589823497984,
  "avg_score": 0.06952365022355904,
  "dedup_expr_hits": 111,
  "dedup_behavior_hits": 187,
  "timestamp": "2026-03-26T03:41:24"
}