{
  "generation": 6,
  "best_score": 0.05341116519553172,
  "avg_score": 0.06033866861574714,
  "dedup_expr_hits": 164,
  "dedup_behavior_hits": 281,
  "timestamp": "2026-03-26T04:06:25"
}