{
  "generation": 4,
  "best_score": 0.05341116519553172,
  "avg_score": 0.06533093242231203,
  "dedup_expr_hits": 129,
  "dedup_behavior_hits": 218,
  "timestamp": "2026-03-26T03:49:31"
}