{
  "generation": 8,
  "timestamp": "2026-03-26T04:21:57",
  "island_count": 2,
  "population_size": 16,
  "islands": [
    {
      "island": 0,
      "size": 16,
      "candidates": [
        {
          "expr": "max(0.5 * (-0.553 * after + -0.8 * remaining + 0.465 * bin_rank + 0.5 * exact_fit) + 0.5 * (-0.553 * after + -0.8 * remaining + 0.465 * bin_rank + 0.1 * exact_fit) - 2.0 * item, max(-2.283 * fill + -0.875 * mean_remaining, -after)) + 0.2 * slack_rank",
          "score": 0.052983294188400185,
          "novelty": 1.0,
          "stability": 0.9999998191663458,
          "behavior_signature": "d640652158088ceca9a61a4a3ebeb592f7d11577d38402c91d99412f6846811f"
        },
        {
          "expr": "max(0.5 * (-0.553 * after + -2.378 * remaining + 1.578 * remaining + -0.608 * item + 0.465 * bin_rank + 0.5 * exact_fit) + 0.5 * (-0.553 * after + -2.378 * remaining + 1.578 * remaining + -0.608 * item + 0.465 * bin_rank + 0.1 * exact_fit) - 2.0 * item, max(-2.283 * fill + -1.252 * mean_remaining + 0.377 * mean_remaining, -after)) + 0.2 * mean_remaining",
          "score": 0.05341116519553172,
          "novelty": 0.16666666666666666,
          "stability": 1.0,
          "behavior_signature": "2f53c88ea4ebbf7d30a0f89be85820b6a65e88b158e467350fe57b6782d98249"
        },
        {
          "expr": "max(0.5 * (-0.553 * after + -2.378 * remaining + 1.578 * remaining + -0.608 * item + 0.465 * bin_rank + 0.5 * exact_fit) + 0.5 * (-0.553 * after + -2.378 * remaining + 1.578 * remaining + -0.608 * item + 0.465 * bin_rank + 0.1 * exact_fit) - 2.0 * item, max(-2.283 * fill + -1.252 * mean_remaining + 0.377 * mean_remaining, -after)) - 0.2 * item",
          "score": 0.05341116519553172,
          "novelty": 0.14285714285714285,
          "stability": 1.0,
          "behavior_signature": "2f53c88ea4ebbf7d30a0f89be85820b6a65e88b158e467350fe57b6782d98249"
        },
        {
          "expr": "-abs(max(-abs(1.718 * exact_fit - 2.064 * item - 2.035 * fill + 2.0 * mean_remaining - 1.907 * slack_rank - 0.009 * bin_rank), max(0.5 * (-0.553 * after + -2.378 * remaining + 1.578 * remaining + -0.608 * item + 0.465 * bin_rank + 0.5 * exact_fit) + 0.5 * (-0.553 * after + -2.378 * remaining + 1.578 * remaining + -0.608 * item + 0.465 * bin_rank + 0.1 * exact_fit) - 2.0 * item, max(-2.283 * fill + -1.252 * mean_remaining + 0.377 * mean_remaining, -after))))",
          "score": 0.05354728661155569,
          "novelty": 0.5,
          "stability": 1.0,
          "behavior_signature": "0cf042c5bec55f2ad8de6ec1186d0412ad225cfd1c2f823410421a981c792762"
        },
        {
          "expr": "max(-abs(1.718 * exact_fit - 2.064 * item - 2.035 * fill + 2.0 * mean_remaining - 1.907 * slack_rank - 0.009 * bin_rank), max(0.5 * (-0.553 * after + -2.378 * remaining + 1.578 * remaining + -0.608 * item + 0.465 * bin_rank + 0.5 * exact_fit) + 0.5 * (-0.553 * after + -2.378 * remaining + 1.578 * remaining + -0.608 * item + 0.465 * bin_rank + 0.1 * exact_fit) - 2.0 * item, max(-2.283 * fill + -1.252 * mean_remaining + 0.377 * mean_remaining, -after))) - 1.0 * mean_remaining",
          "score": 0.05354728661155569,
          "novelty": 0.3333333333333333,
          "stability": 1.0,
          "behavior_signature": "0cf042c5bec55f2ad8de6ec1186d0412ad225cfd1c2f823410421a981c792762"
        },
        {
          "expr": "max(-abs(1.718 * exact_fit - 2.064 * item - 2.035 * fill + 2.0 * mean_remaining - 1.907 * slack_rank - 0.009 * bin_rank), max(0.5 * (-0.553 * after + -2.378 * remaining + 1.578 * remaining + -0.608 * item + 0.465 * bin_rank + 0.5 * exact_fit) + 0.5 * (-0.553 * after + -2.378 * remaining + 1.578 * remaining + -0.608 * item + 0.465 * bin_rank + 0.1 * exact_fit) - 2.0 * item, max(-2.283 * fill + -1.252 * mean_remaining + 0.377 * mean_remaining, -after))) - 0.5 * exact_fit",
          "score": 0.053697889021194246,
          "novelty": 1.0,
          "stability": 0.9993199288346207,
          "behavior_signature": "7511b42d617bdc1988079d063e656daff3676751e06f9d52ef1805cb44893ac9"
        },
        {
          "expr": "-abs(max(0.5 * (-0.553 * after + -2.378 * remaining + 1.578 * remaining + -0.608 * item + 0.465 * bin_rank + 0.5 * exact_fit) + 0.5 * (-0.553 * after + -2.378 * remaining + 1.578 * remaining + -0.608 * item + 0.465 * bin_rank + 0.1 * exact_fit) - 2.0 * item, max(-2.283 * fill + -1.252 * mean_remaining + 0.377 * mean_remaining, -after)) + 0.2 * mean_remaining)",
          "score": 0.05584471135982022,
          "novelty": 1.0,
          "stability": 1.0,
          "behavior_signature": "da7e4dbf6a78d00d2e4610fb0647deb969ddd74b1651057b815d4ec9f3a54548"
        },
        {
          "expr": "-abs(-abs(-abs(-1.907 * slack_rank + -0.009 * bin_rank + 1.718 * exact_fit + -2.064 * item + -2.035 * fill - 2.0 * exact_fit + 2.0 * mean_remaining) + 0.5 * item))",
          "score": 0.061930044349623514,
          "novelty": 0.5,
          "stability": 1.0,
          "behavior_signature": "35dd19157bce7e5bf0d98e5342df8b0f2ba58a00146272ca08e0a0ad09a72cbc"
        },
        {
          "expr": "-abs(1.718 * exact_fit - 2.064 * item - 2.035 * fill + 2.0 * mean_remaining - 1.907 * slack_rank - 0.009 * bin_rank) + 1.0 * exact_fit",
          "score": 0.06215976921188303,
          "novelty": 0.2,
          "stability": 0.9998750156230471,
          "behavior_signature": "d6338245e92732e338c4b2908b8a74ef4b370ed9bc9d4f55a10a1c33401ced06"
        },
        {
          "expr": "0.5 * -abs(1.718 * exact_fit - 2.064 * item - 2.035 * fill + 2.0 * mean_remaining - 1.907 * slack_rank - 0.009 * bin_rank) + 0.5 * (0.5 * max(-1.907 * slack_rank + -0.009 * bin_rank + 1.718 * exact_fit + -2.064 * item + -2.035 * fill - 2.0 * exact_fit, -abs(-1.907 * slack_rank + -0.009 * bin_rank + 1.718 * exact_fit + -2.064 * item + -2.035 * fill - 2.0 * exact_fit + 2.0 * mean_remaining)) + 0.5 * -abs(-abs(-1.907 * slack_rank + -0.009 * bin_rank + 1.718 * exact_fit + -2.064 * item + -2.035 * fill - 2.0 * exact_fit + 2.0 * mean_remaining)))",
          "score": 0.06215976921188303,
          "novelty": 0.16666666666666666,
          "stability": 0.9997013356336034,
          "behavior_signature": "d6338245e92732e338c4b2908b8a74ef4b370ed9bc9d4f55a10a1c33401ced06"
        },
        {
          "expr": "max(-abs(0.5 * max(-1.907 * slack_rank + -0.009 * bin_rank + 1.718 * exact_fit + -2.064 * item + -2.035 * fill - 2.0 * exact_fit, -abs(-1.907 * slack_rank + -0.009 * bin_rank + 1.718 * exact_fit + -2.064 * item + -2.035 * fill - 2.0 * exact_fit + 2.0 * mean_remaining)) + 0.5 * -abs(-abs(-1.907 * slack_rank + -0.009 * bin_rank + 1.718 * exact_fit + -2.064 * item + -2.035 * fill - 2.0 * exact_fit + 2.0 * mean_remaining))), 0.5 * max(-1.907 * slack_rank + -0.009 * bin_rank + 1.718 * exact_fit + -2.064 * item + -2.035 * fill - 2.0 * exact_fit, -abs(-1.907 * slack_rank + -0.009 * bin_rank + 1.718 * exact_fit + -2.064 * item + -2.035 * fill - 2.0 * exact_fit + 2.0 * mean_remaining)) + 0.5 * -abs(-abs(-1.907 * slack_rank + -0.009 * bin_rank + 1.718 * exact_fit + -2.064 * item + -2.035 * fill - 2.0 * exact_fit + 2.0 * mean_remaining)) - 1.0 * after)",
          "score": 0.06221975340779812,
          "novelty": 0.2,
          "stability": 1.0,
          "behavior_signature": "008cd1067deec1cbc8a690b8bfa1f8e0b79854611e1405854a084471bf7ca8b4"
        },
        {
          "expr": "0.5 * (max(0.5 * (-0.553 * after + -2.378 * remaining + 1.578 * remaining + -0.608 * item + 0.465 * bin_rank + 0.5 * exact_fit) + 0.5 * (-0.553 * after + -2.378 * remaining + 1.578 * remaining + -0.608 * item + 0.465 * bin_rank + 0.1 * exact_fit) - 2.0 * item, max(-2.283 * fill + -1.252 * mean_remaining + 0.377 * mean_remaining, -after)) - 0.2 * item) + 0.5 * -abs(1.718 * exact_fit - 2.064 * item - 2.035 * fill + 2.0 * mean_remaining - 1.907 * slack_rank - 0.009 * bin_rank)",
          "score": 0.06240282378511577,
          "novelty": 0.5,
          "stability": 0.9999843360849611,