{
  "generation": 8,
  "best_score": 0.052724555275681505,
  "avg_score": 0.06214560990324529,
  "dedup_expr_hits": 161,
  "dedup_behavior_hits": 201,
  "timestamp": "2026-03-26T06:22:31"
}