{
  "generation": 5,
  "best_score": 0.05341365932002336,
  "avg_score": 0.056416249207853736,
  "dedup_expr_hits": 121,
  "dedup_behavior_hits": 152,
  "timestamp": "2026-03-26T05:53:29"
}