{
  "generation": 3,
  "best_score": 0.05346946057543506,
  "avg_score": 0.06516407717519439,
  "dedup_expr_hits": 89,
  "dedup_behavior_hits": 113,
  "timestamp": "2026-03-26T05:33:17"
}