{
  "generation": 1,
  "best_score": 0.05371610921446276,
  "avg_score": 0.06091682309228334,
  "dedup_expr_hits": 47,
  "dedup_behavior_hits": 73,
  "timestamp": "2026-03-26T05:13:05"
}