{
  "generation": 6,
  "best_score": 0.05299730288024053,
  "avg_score": 0.054696160158240845,
  "dedup_expr_hits": 135,
  "dedup_behavior_hits": 167,
  "timestamp": "2026-03-26T06:03:08"
}