{
  "generation": 2,
  "best_score": 0.05346946057543506,
  "avg_score": 0.05880841776290986,
  "dedup_expr_hits": 71,
  "dedup_behavior_hits": 90,
  "timestamp": "2026-03-26T05:23:19"
}