{
  "generation": 4,
  "best_score": 0.0534225480042673,
  "avg_score": 0.05998169703693316,
  "dedup_expr_hits": 97,
  "dedup_behavior_hits": 131,
  "timestamp": "2026-03-26T05:43:30"
}