{
  "generation": 7,
  "best_score": 0.052724555275681505,
  "avg_score": 0.057329458013315245,
  "dedup_expr_hits": 146,
  "dedup_behavior_hits": 184,
  "timestamp": "2026-03-26T06:12:39"
}