{
  "generation": 8,
  "best_score": 0.05024418227182807,
  "avg_score": 0.05658575749854603,
  "dedup_expr_hits": 144,
  "dedup_behavior_hits": 248,
  "timestamp": "2026-03-26T06:18:08"
}