{
  "generation": 7,
  "best_score": 0.05024418227182807,
  "avg_score": 0.05377572172348115,
  "dedup_expr_hits": 139,
  "dedup_behavior_hits": 223,
  "timestamp": "2026-03-26T06:08:45"
}