{
  "generation": 2,
  "best_score": 0.05245195009239902,
  "avg_score": 0.05925056020192988,
  "dedup_expr_hits": 80,
  "dedup_behavior_hits": 118,
  "timestamp": "2026-03-26T05:23:29"
}