{
  "generation": 1,
  "best_score": 0.05590890315597068,
  "avg_score": 0.06373676311660434,
  "dedup_expr_hits": 49,
  "dedup_behavior_hits": 81,
  "timestamp": "2026-03-26T05:11:53"
}