{
  "generation": 5,
  "best_score": 0.050259768306740796,
  "avg_score": 0.054214277191935265,
  "dedup_expr_hits": 106,
  "dedup_behavior_hits": 179,
  "timestamp": "2026-03-26T05:50:36"
}