{
  "generation": 6,
  "best_score": 0.050259768306740796,
  "avg_score": 0.05256094223066513,
  "dedup_expr_hits": 124,
  "dedup_behavior_hits": 200,
  "timestamp": "2026-03-26T05:59:58"
}