{
  "generation": 3,
  "best_score": 0.05184752494779667,
  "avg_score": 0.05993466946136342,
  "dedup_expr_hits": 84,
  "dedup_behavior_hits": 135,
  "timestamp": "2026-03-26T05:32:51"
}