{
  "generation": 4,
  "best_score": 0.05029086283410398,
  "avg_score": 0.06031256185580635,
  "dedup_expr_hits": 100,
  "dedup_behavior_hits": 157,
  "timestamp": "2026-03-26T05:41:37"
}