{
  "generation": 1,
  "best_score": 0.053750000000000006,
  "avg_score": 0.06875,
  "dedup_expr_hits": 41,
  "dedup_behavior_hits": 82,
  "timestamp": "2026-03-25T13:57:25"
}