{
  "generation": 4,
  "best_score": 0.05000000000000001,
  "avg_score": 0.059335937500000005,
  "dedup_expr_hits": 73,
  "dedup_behavior_hits": 148,
  "timestamp": "2026-03-25T14:00:12"
}