{
  "generation": 2,
  "best_score": 0.05000000000000001,
  "avg_score": 0.06390625,
  "dedup_expr_hits": 56,
  "dedup_behavior_hits": 109,
  "timestamp": "2026-03-25T13:58:18"
}