{
  "generation": 7,
  "best_score": 0.05000000000000001,
  "avg_score": 0.05421875000000001,
  "dedup_expr_hits": 125,
  "dedup_behavior_hits": 232,
  "timestamp": "2026-03-25T14:04:04"
}