{
  "generation": 8,
  "best_score": 0.04750000000000001,
  "avg_score": 0.05296875000000001,
  "dedup_expr_hits": 143,
  "dedup_behavior_hits": 254,
  "timestamp": "2026-03-25T14:05:48"
}