{
  "generation": 5,
  "best_score": 0.05000000000000001,
  "avg_score": 0.052734375000000014,
  "dedup_expr_hits": 98,
  "dedup_behavior_hits": 175,
  "timestamp": "2026-03-25T14:01:41"
}