{
  "generation": 3,
  "best_score": 0.05000000000000001,
  "avg_score": 0.06082031250000001,
  "dedup_expr_hits": 69,
  "dedup_behavior_hits": 129,
  "timestamp": "2026-03-25T13:59:19"
}