{
  "generation": 6,
  "best_score": 0.05000000000000001,
  "avg_score": 0.05269531250000001,
  "dedup_expr_hits": 112,
  "dedup_behavior_hits": 209,
  "timestamp": "2026-03-25T14:02:59"
}