{
  "generation": 2,
  "best_score": 0.062479811055481005,
  "avg_score": 0.06254755986249534,
  "dedup_expr_hits": 48,
  "dedup_behavior_hits": 105,
  "timestamp": "2026-03-25T16:17:53"
}