{
  "generation": 3,
  "best_score": 0.062479811055481005,
  "avg_score": 0.06254638954739314,
  "dedup_expr_hits": 67,
  "dedup_behavior_hits": 128,
  "timestamp": "2026-03-25T16:25:17"
}