{
  "generation": 1,
  "best_score": 0.062479811055481005,
  "avg_score": 0.06782174765321612,
  "dedup_expr_hits": 35,
  "dedup_behavior_hits": 71,
  "timestamp": "2026-03-25T16:09:47"
}