{
  "generation": 1,
  "best_score": 0.050477870556676664,
  "avg_score": 0.0607659252800623,
  "dedup_expr_hits": 46,
  "dedup_behavior_hits": 60,
  "timestamp": "2026-03-26T09:46:29"
}