{
  "generation": 5,
  "best_score": 0.05014794256126742,
  "avg_score": 0.05291691558421838,
  "dedup_expr_hits": 119,
  "dedup_behavior_hits": 161,
  "timestamp": "2026-03-26T10:58:43"
}