{
  "generation": 7,
  "best_score": 0.04986063744995476,
  "avg_score": 0.060264662612230825,
  "dedup_expr_hits": 149,
  "dedup_behavior_hits": 211,
  "timestamp": "2026-03-26T11:32:32"
}