{
  "generation": 8,
  "best_score": 0.04882940947210573,
  "avg_score": 0.05376877459945303,
  "dedup_expr_hits": 163,
  "dedup_behavior_hits": 230,
  "timestamp": "2026-03-26T11:49:04"
}