{
  "generation": 6,
  "best_score": 0.05014794256126742,
  "avg_score": 0.05154711156156904,
  "dedup_expr_hits": 133,
  "dedup_behavior_hits": 188,
  "timestamp": "2026-03-26T11:13:45"
}