{
  "generation": 4,
  "best_score": 0.050477870556676664,
  "avg_score": 0.057059141885442914,
  "dedup_expr_hits": 106,
  "dedup_behavior_hits": 135,
  "timestamp": "2026-03-26T10:39:05"
}