{
  "generation": 3,
  "best_score": 0.050477870556676664,
  "avg_score": 0.06204611225674718,
  "dedup_expr_hits": 84,
  "dedup_behavior_hits": 109,
  "timestamp": "2026-03-26T10:21:20"
}