{
  "mode": "orlib_per_source",
  "parent_run_dir": "runs\\260325122809_or_parts_ds",
  "subrun_count": 8,
  "rows": [
    {
      "source": "binpack1",
      "run_dir": "runs\\260325122809_or_parts_ds\\subruns\\260325122809_or_ds",
      "best_score": 0.0538763759684476,
      "best_score_pct": 5.38763759684476,
      "best_expression": "max(1.79 * item + -1.103 * mean_remaining + 2.368 * slack_rank + 1.255 * global_tightness - abs(after), max(-2.136 * mean_remaining + -1.841 * after + 0.787 * remaining + 2.129 * exact_fit + 0.755 * bin_rank + -2.079 * global_tightness, -after)) + 0.5 * after",
      "avg_bins": 51.8,
      "avg_gap": 2.65,
      "avg_gap_ratio": 0.0538763759684476,
      "avg_gap_pct": 5.38763759684476,
      "ff_avg_gap_ratio": 0.061990951229990335,
      "bf_avg_gap_ratio": 0.05593845079837957,
      "ff_avg_gap_pct": 6.199095122999034,
      "bf_avg_gap_pct": 5.5938450798379575,
      "delta_vs_bf_pp": 0.20620748299319747,
      "delta_vs_ff_pp": 0.8114575261542738,
      "rel_improve_vs_bf_pct": 3.686328099010759,
      "rel_improve_vs_ff_pct": 13.089935063969502,
      "instances": 20
    },
    {
      "source": "binpack2",
      "run_dir": "runs\\260325122809_or_parts_ds\\subruns\\260325123606_or_ds",
      "best_score": 0.05114537513134099,
      "best_score_pct": 5.114537513134099,
      "best_expression": "-abs(-abs(max(2.424 * fill + 0.254 * after + -0.804 * item + 0.956 * global_tightness + -2.285 * fill, -after)) + 0.2 * after) + 0.2 * fill + 0.2 * fill",
      "avg_bins": 106.9,
      "avg_gap": 5.2,
      "avg_gap_ratio": 0.05114537513134099,
      "avg_gap_pct": 5.114537513134099,
      "ff_avg_gap_ratio": 0.06287314534450404,
      "bf_avg_gap_ratio": 0.05904103770721673,
      "ff_avg_gap_pct": 6.287314534450404,
      "bf_avg_gap_pct": 5.904103770721672,
      "delta_vs_bf_pp": 0.7895662575875733,
      "delta_vs_ff_pp": 1.1727770213163051,
      "rel_improve_vs_bf_pct": 13.373177170479556,
      "rel_improve_vs_ff_pct": 18.653067456546797,
      "instances": 20
    },
    {
      "source": "binpack3",
      "run_dir": "runs\\260325122809_or_parts_ds\\subruns\\260325124717_or_ds",
      "best_score": 0.04422426311413038,
      "best_score_pct": 4.422426311413038,
      "best_expression": "0.5 * max(-abs(0.5 * (max(-0.862 * mean_remaining + -0.991 * stdev_remaining + -1.278 * global_tightness + 1.444 * remaining + -2.439 * item, -after) + 0.1 * after) + 0.5 * -abs(max(-0.862 * mean_remaining + -0.991 * stdev_remaining + -1.278 * global_tightness + 1.444 * remaining + -2.439 * item, -after))), -abs(0.5 * max(-0.862 * mean_remaining + -0.991 * stdev_remaining + -1.278 * global_tightness + 1.444 * remaining + -2.439 * item, -after) + 0.5 * max(2.424 * fill + 0.254 * after + -0.804 * item + 0.956 * global_tightness + -2.285 * fill, -after))) + 0.5 * -abs(0.5 * max(max(-abs(0.5 * (max(-0.862 * mean_remaining + -0.991 * stdev_remaining + -1.278 * global_tightness + 1.444 * remaining + -2.439 * item, -after) + 0.1 * after) + 0.5 * -abs(max(-0.862 * mean_remaining + -0.991 * stdev_remaining + -1.278 * global_tightness + 1.444 * remaining + -2.439 * item, -after))), -abs(0.5 * max(-0.862 * mean_remaining + -0.991 * stdev_remaining + -1.278 * global_tightness + 1.444 * remaining + -2.439 * item, -after) + 0.5 * max(2.424 * fill + 0.254 * after + -0.804 * item + 0.956 * global_tightness + -2.285 * fill, -after))), -abs(0.5 * max(-0.862 * mean_remaining + -0.991 * stdev_remaining + -1.278 * global_tightness + 1.444 * remaining + -2.439 * item, -after) + 0.5 * max(2.424 * fill + 0.254 * after + -0.804 * item + 0.956 * global_tightness + -2.285 * fill, -sqrt(after))) - 0.5 * fill) + 0.5 * max(-abs(0.5 * max(-0.862 * mean_remaining + -0.991 * stdev_remaining + -1.278 * global_tightness + 1.444 * remaining + -2.439 * item, -after) + 0.5 * max(2.424 * fill + 0.254 * after + -0.804 * item + 0.956 * global_tightness + -2.285 * fill, -after)), -abs(0.5 * (max(-0.862 * mean_remaining + -0.991 * stdev_remaining + -1.278 * global_tightness + 1.444 * remaining + -2.439 * item, -after) + 0.1 * after) + 0.5 * -abs(max(-0.862 * mean_remaining + -0.991 * stdev_remaining + -1.278 * global_tightness + 1.444 * remaining + -2.439 * item, -after)))))",
      "avg_bins": 210.1,
      "avg_gap": 8.9,
      "avg_gap_ratio": 0.04422426311413038,
      "avg_gap_pct": 4.422426311413038,
      "ff_avg_gap_ratio": 0.057382355686119456,
      "bf_avg_gap_ratio": 0.053679070394633474,
      "ff_avg_gap_pct": 5.7382355686119455,
      "bf_avg_gap_pct": 5.367907039463347,
      "delta_vs_bf_pp": 0.9454807280503088,
      "delta_vs_ff_pp": 1.3158092571989073,
      "rel_improve_vs_bf_pct": 17.61358237203811,
      "rel_improve_vs_ff_pct": 22.930554897333987,
      "instances": 20
    },
    {
      "source": "binpack4",
      "run_dir": "runs\\260325122809_or_parts_ds\\subruns\\260325131034_or_ds",
      "best_score": 0.037570809797304414,
      "best_score_pct": 3.7570809797304414,
      "best_expression": "0.5 * (0.5 * (max(0.5 * max(-0.862 * mean_remaining + -0.991 * stdev_remaining + -1.278 * global_tightness + 1.444 * remaining + -2.439 * item, -after) + 0.5 * -abs(max(2.424 * fill + 0.254 * after + -0.804 * item + 0.956 * global_tightness + -2.285 * fill, -after)), max(-1.935 * global_tightness + 1.38 * global_tightness + 0.39 * exact_fit, -after) + 0.5 * max(-0.862 * mean_remaining + -0.991 * stdev_remaining + -1.278 * global_tightness + 1.444 * remaining + -2.439 * item, -after)) - 2.0278 * mean_remaining) + 0.5 * -abs(max(0.5 * max(-0.862 * mean_remaining + -0.991 * stdev_remaining + -1.278 * global_tightness + 1.444 * remaining + -2.439 * item, -after) + 0.5 * -abs(max(2.424 * fill + 0.254 * after + -0.804 * item + 0.956 * global_tightness + -2.285 * fill, -after)), max(-1.935 * global_tightness + 1.38 * global_tightness + 0.39 * exact_fit, -after) + 0.5 * max(-0.862 * mean_remaining + -0.991 * stdev_remaining + -1.278 * global_tightness + 1.444 * remaining + -2.439 * item, -after))) + 0.5 * exact_fit) + 0.5 * (0.5 * (max(0.5 * max(-0.862 * mean_remaining + -0.991 * stdev_remaining + -1.278 * global_tightness + 1.444 * remaining + -2.439 * item, -after) + 0.5 * -abs(max(2.424 * fill + 0.254 * after + -0.804 * item + 0.956 * global_tightness + -2.285 * fill, -after)), max(-1.935 * global_tightness + 1.38 * global_tightness + 0.39 * exact_fit, -after) + 0.5 * max(-0.862 * mean_remaining + -0.991 * stdev_remaining + -1.278 * global_tightness + 1.444 * remaining + -2.439 * item, -after)) - 2.0 * mean_remaining) + 0.5 * -abs(max(0.5 * max(-0.862 * mean_remaining + -0.991 * stdev_remaining + -1.278 * global_tightness + 1.444 * remaining + -2.439 * item, -after) + 0.5 * -abs(max(2.424 * fill + 0.254 * after + -0.804 * item + 0.956 * global_tightness + -2.285 * fill, -after)), max(-1.935 * global_tightness + 1.38 * global_tightness + 0.39 * exact_fit, -after) + 0.5 * max(-0.862 * mean_remaining + -0.991 * stdev_remaining + -1.278 * global_tightness + 1.444 * remaining + -2.439 * item, -after))) - 2.0 * item)",
      "avg_bins": 415.6,
      "avg_gap": 15.05,
      "avg_gap_ratio": 0.037570809797304414,
      "avg_gap_pct": 3.7570809797304414,
      "ff_avg_gap_ratio": 0.05229809096300146,
      "bf_avg_gap_ratio": 0.049419333357386235,
      "ff_avg_gap_pct": 5.229809096300146,
      "bf_avg_gap_pct": 4.941933335738623,
      "delta_vs_bf_pp": 1.1848523560081818,
      "delta_vs_ff_pp": 1.4727281165697046,
      "rel_improve_vs_bf_pct": 23.975482377305145,
      "rel_improve_vs_ff_pct": 28.160265307037562,
      "instances": 20
    },
    {
      "source": "binpack5",
      "run_dir": "runs\\260325122809_or_parts_ds\\subruns\\260325135140_or_ds",
      "best_score": 0.06250000000000001,
      "best_score_pct": 6.250000000000002,