{
  "generation": 5,
  "best_score": 0.05283866598004676,
  "avg_score": 0.05596874033807998,
  "dedup_expr_hits": 94,
  "dedup_behavior_hits": 151,
  "timestamp": "2026-03-26T05:47:12"
}