{
  "generation": 6,
  "best_score": 0.05283866598004676,
  "avg_score": 0.05374176766103462,
  "dedup_expr_hits": 108,
  "dedup_behavior_hits": 170,
  "timestamp": "2026-03-26T05:56:22"
}