{
  "generation": 4,
  "best_score": 0.05285584157926112,
  "avg_score": 0.05691107024048826,
  "dedup_expr_hits": 85,
  "dedup_behavior_hits": 133,
  "timestamp": "2026-03-26T05:38:47"
}