{
  "generation": 8,
  "best_score": 0.05283866598004676,
  "avg_score": 0.05922839010019235,
  "dedup_expr_hits": 134,
  "dedup_behavior_hits": 214,
  "timestamp": "2026-03-26T06:14:34"
}