{
  "generation": 7,
  "best_score": 0.05283866598004676,
  "avg_score": 0.05851283724265383,
  "dedup_expr_hits": 120,
  "dedup_behavior_hits": 196,
  "timestamp": "2026-03-26T06:05:25"
}