{
  "generation": 1,
  "best_score": 0.05590890315597068,
  "avg_score": 0.06405557305536018,
  "dedup_expr_hits": 45,
  "dedup_behavior_hits": 77,
  "timestamp": "2026-03-26T05:12:55"
}