{
  "generation": 2,
  "best_score": 0.05400417106789829,
  "avg_score": 0.059332740672802926,
  "dedup_expr_hits": 63,
  "dedup_behavior_hits": 92,
  "timestamp": "2026-03-26T05:21:59"
}