{
  "generation": 3,
  "best_score": 0.05360823861886269,
  "avg_score": 0.06038985311666263,
  "dedup_expr_hits": 76,
  "dedup_behavior_hits": 116,
  "timestamp": "2026-03-26T05:30:21"
}