{
  "generation": 2,
  "best_score": 0.04991743432753921,
  "avg_score": 0.06490170766876543,
  "dedup_expr_hits": 81,
  "dedup_behavior_hits": 103,
  "timestamp": "2026-03-25T21:27:07"
}