{
  "generation": 7,
  "best_score": 0.048940433698347476,
  "avg_score": 0.05442136163595224,
  "dedup_expr_hits": 166,
  "dedup_behavior_hits": 196,
  "timestamp": "2026-03-25T22:13:04"
}