{
  "generation": 4,
  "best_score": 0.049910422658120186,
  "avg_score": 0.061176841487300716,
  "dedup_expr_hits": 117,
  "dedup_behavior_hits": 146,
  "timestamp": "2026-03-25T21:45:48"
}