{
  "generation": 1,
  "best_score": 0.06128968820645024,
  "avg_score": 0.07149083890873667,
  "dedup_expr_hits": 64,
  "dedup_behavior_hits": 74,
  "timestamp": "2026-03-25T21:17:06"
}