{
  "generation": 8,
  "best_score": 0.04884991923854527,
  "avg_score": 0.05046924217221614,
  "dedup_expr_hits": 173,
  "dedup_behavior_hits": 214,
  "timestamp": "2026-03-25T22:22:48"
}