{
  "generation": 5,
  "best_score": 0.04984975253504415,
  "avg_score": 0.05651636100435769,
  "dedup_expr_hits": 135,
  "dedup_behavior_hits": 160,
  "timestamp": "2026-03-25T21:55:06"
}