{
  "generation": 6,
  "best_score": 0.04904682943052994,
  "avg_score": 0.05630449573519984,
  "dedup_expr_hits": 146,
  "dedup_behavior_hits": 178,
  "timestamp": "2026-03-25T22:03:58"
}