{
  "generation": 3,
  "best_score": 0.04991743432753921,
  "avg_score": 0.063882661790895,
  "dedup_expr_hits": 102,
  "dedup_behavior_hits": 125,
  "timestamp": "2026-03-25T21:36:12"
}