{
  "generation": 6,
  "best_score": 0.061478839484766935,
  "avg_score": 0.06232560733413966,
  "dedup_expr_hits": 166,
  "dedup_behavior_hits": 289,
  "timestamp": "2026-03-26T04:31:42"
}