{
  "generation": 2,
  "best_score": 0.062356489013231375,
  "avg_score": 0.06706122351169827,
  "dedup_expr_hits": 100,
  "dedup_behavior_hits": 160,
  "timestamp": "2026-03-26T03:55:30"
}