{
  "generation": 4,
  "best_score": 0.062287098955103745,
  "avg_score": 0.06947772395966484,
  "dedup_expr_hits": 134,
  "dedup_behavior_hits": 227,
  "timestamp": "2026-03-26T04:13:23"
}