{
  "generation": 5,
  "best_score": 0.061478839484766935,
  "avg_score": 0.06244482432314533,
  "dedup_expr_hits": 153,
  "dedup_behavior_hits": 259,
  "timestamp": "2026-03-26T04:22:56"
}