{
  "generation": 7,
  "best_score": 0.061478839484766935,
  "avg_score": 0.06358483112212587,
  "dedup_expr_hits": 189,
  "dedup_behavior_hits": 308,
  "timestamp": "2026-03-26T04:40:42"
}