{
  "generation": 3,
  "best_score": 0.062356489013231375,
  "avg_score": 0.06838320244213753,
  "dedup_expr_hits": 114,
  "dedup_behavior_hits": 193,
  "timestamp": "2026-03-26T04:04:14"
}