{
  "generation": 1,
  "best_score": 0.062479811055481005,
  "avg_score": 0.06570998056091364,
  "dedup_expr_hits": 56,
  "dedup_behavior_hits": 91,
  "timestamp": "2026-03-26T03:43:01"
}