{
  "generation": 8,
  "best_score": 0.06135658970432291,
  "avg_score": 0.06191234700598073,
  "dedup_expr_hits": 208,
  "dedup_behavior_hits": 328,
  "timestamp": "2026-03-26T04:49:24"
}