{
  "generation": 5,
  "best_score": 0.052206026545639064,
  "avg_score": 0.058821590769060184,
  "dedup_expr_hits": 126,
  "dedup_behavior_hits": 207,
  "timestamp": "2026-03-26T13:08:28"
}