{
  "generation": 7,
  "best_score": 0.04941587198561129,
  "avg_score": 0.05533506702215379,
  "dedup_expr_hits": 161,
  "dedup_behavior_hits": 250,
  "timestamp": "2026-03-26T13:42:20"
}