{
  "generation": 2,
  "best_score": 0.0559680254458206,
  "avg_score": 0.06235449314745463,
  "dedup_expr_hits": 71,
  "dedup_behavior_hits": 112,
  "timestamp": "2026-03-26T12:16:03"
}