{
  "generation": 6,
  "best_score": 0.05171025764040758,
  "avg_score": 0.05538487278908367,
  "dedup_expr_hits": 141,
  "dedup_behavior_hits": 232,
  "timestamp": "2026-03-26T13:27:42"
}