{
  "generation": 1,
  "best_score": 0.06191930456797984,
  "avg_score": 0.06284141916917702,
  "dedup_expr_hits": 37,
  "dedup_behavior_hits": 78,
  "timestamp": "2026-03-26T11:57:18"
}