{
  "generation": 8,
  "best_score": 0.04941587198561129,
  "avg_score": 0.05417925735052888,
  "dedup_expr_hits": 175,
  "dedup_behavior_hits": 272,
  "timestamp": "2026-03-26T14:00:39"
}