{
  "generation": 3,
  "best_score": 0.052206026545639064,
  "avg_score": 0.06333571919625025,
  "dedup_expr_hits": 89,
  "dedup_behavior_hits": 146,
  "timestamp": "2026-03-26T12:33:21"
}