{
  "generation": 4,
  "best_score": 0.052206026545639064,
  "avg_score": 0.06747827793971775,
  "dedup_expr_hits": 103,
  "dedup_behavior_hits": 177,
  "timestamp": "2026-03-26T12:52:20"
}