{
  "generation": 8,
  "best_score": 0.05183594111359861,
  "avg_score": 0.05313131513486121,
  "dedup_expr_hits": 155,
  "dedup_behavior_hits": 207,
  "timestamp": "2026-03-25T13:20:23"
}