{
  "generation": 3,
  "best_score": 0.05368404604777651,
  "avg_score": 0.06681611008427608,
  "dedup_expr_hits": 81,
  "dedup_behavior_hits": 119,
  "timestamp": "2026-03-25T12:36:09"
}