{
  "generation": 2,
  "best_score": 0.05368404604777651,
  "avg_score": 0.059392207036604236,
  "dedup_expr_hits": 59,
  "dedup_behavior_hits": 102,
  "timestamp": "2026-03-25T12:28:18"
}