{
  "generation": 5,
  "best_score": 0.053413811242557174,
  "avg_score": 0.05599248008454708,
  "dedup_expr_hits": 104,
  "dedup_behavior_hits": 151,
  "timestamp": "2026-03-25T12:51:51"
}