{
  "generation": 7,
  "best_score": 0.05183594111359861,
  "avg_score": 0.05891198268568393,
  "dedup_expr_hits": 144,
  "dedup_behavior_hits": 190,
  "timestamp": "2026-03-25T13:11:22"
}