{
  "generation": 4,
  "best_score": 0.053479174506749674,
  "avg_score": 0.06153187706205115,
  "dedup_expr_hits": 98,
  "dedup_behavior_hits": 134,
  "timestamp": "2026-03-25T12:44:03"
}