{
  "generation": 1,
  "best_score": 0.05371610921446276,
  "avg_score": 0.06462100846372229,
  "dedup_expr_hits": 39,
  "dedup_behavior_hits": 73,
  "timestamp": "2026-03-25T12:19:48"
}