{
  "generation": 6,
  "best_score": 0.052147518915215664,
  "avg_score": 0.05492734747528175,
  "dedup_expr_hits": 125,
  "dedup_behavior_hits": 172,
  "timestamp": "2026-03-25T13:02:22"
}