{
  "generation": 1,
  "best_score": 0.05590773041015677,
  "avg_score": 0.06824990032729121,
  "dedup_expr_hits": 40,
  "dedup_behavior_hits": 69,
  "timestamp": "2026-03-25T16:10:35"
}