{
  "generation": 3,
  "best_score": 0.052503137059822624,
  "avg_score": 0.05884103625767464,
  "dedup_expr_hits": 64,
  "dedup_behavior_hits": 100,
  "timestamp": "2026-03-25T16:24:28"
}