{
  "generation": 2,
  "best_score": 0.052503137059822624,
  "avg_score": 0.059833604489170245,
  "dedup_expr_hits": 47,
  "dedup_behavior_hits": 84,
  "timestamp": "2026-03-25T16:17:20"
}