{
  "enabled": true,
  "top_k": 2,
  "steps": 2,
  "improved": false,
  "start_best_score": 0.052503137059822624,
  "end_best_score": 0.052503137059822624,
  "records": [
    {
      "elite_rank": 0,
      "step": 1,
      "status": "evaluated",
      "candidate_score": 0.052584295261953705
    },
    {
      "elite_rank": 0,
      "step": 2,
      "status": "evaluated",
      "candidate_score": 0.05652763280203885
    },
    {
      "elite_rank": 1,
      "step": 1,
      "status": "evaluated",
      "candidate_score": 0.05258947024027895
    },
    {
      "elite_rank": 1,
      "step": 2,
      "status": "evaluated",
      "candidate_score": 0.05287595631090501
    }
  ]
}